Aprikosen-Zupfkuchen;http://www.zuckerzimtundliebe.de/2017/07/kuchenklassiker-rezept-fuer-russischer-zupfkuchen-mit-aprikosen/;www.zuckerzimtundliebe.de;July 10, 2017;['Rezepte', 'gebäck', 'Quark', 'Aprikosen', 'Schokolade']
Blaubeer-Brownie-Cheesecake;http://knusperstuebchen.net/2017/07/09/blaubeer-brownie-mit-cheesecake-creme/;knusperstuebchen.net;July 09, 2017;['Rezepte', 'gebäck', 'Käsekuchen', 'Blaubeer', 'Brownies', 'Schokolade']
Glutenfreie Chocolate-Chip Macaroons;http://www.bakerita.com/chocolate-chip-macaroons-gluten-free-paleo-vegan/;www.bakerita.com;July 09, 2017;['Rezepte', 'gebäck', 'glutenfrei', 'Mandeln', 'vegan', 'Kekse', 'Kokos', 'Schokolade']
Frischkäse Waffeln;http://knusperstuebchen.net/2017/07/07/frischkaese-waffeln-am-stiel-fuer-unterwegs/;knusperstuebchen.net;July 09, 2017;['Rezepte', 'gebäck', 'Waffeln', 'Frischkäse']
Brownie Cheesecake;http://www.kleineskulinarium.de/2016/05/brownie-cheesecake-cheesecake-mit-brownieboden/;www.kleineskulinarium.de;July 08, 2017;['Rezepte', 'gebäck', 'Käsekuchen', 'Brownies', 'Schokolade']
Johannisbeer-Nuss-Kuchen;http://www.kleineskulinarium.de/2017/06/traeubleskuchen-ein-koestlicher-kuchenklassiker/;www.kleineskulinarium.de;June 27, 2017;['Rezepte', 'gebäck', 'Johannisbeeren', 'Nuss']
Galette mit Erdbeeren;http://knusperstuebchen.net/2017/06/25/gallette-mit-erdbeeren-einfacher-sommerkuchen/;knusperstuebchen.net;June 26, 2017;['Rezepte', 'gebäck', 'Erdbeeren']
Grundrezept: Streuselkuchen mit Obst;http://www.zuckerzimtundliebe.de/2017/06/rezept-einfacher-streuselkuchen-obstkuchen-streuseltarte/;www.zuckerzimtundliebe.de;June 26, 2017;['Rezepte', 'gebäck', 'Streusel', 'Obst', 'Blechkuchen']
Marmorkuchen;http://www.jenseitsvoneden.de/2017/06/beliebte-klassiker-locker-fluffiger.html;www.jenseitsvoneden.de;June 24, 2017;['Rezepte', 'gebäck', 'Rührkuchen', 'Schokolade']
Strawberry Shortcakes;https://smittenkitchen.com/2017/06/easy-drop-berry-shortcakes/;smittenkitchen.com;June 20, 2017;['Rezepte', 'gebäck', 'Erdbeeren', 'Kekse', 'Kleingebäck']
Mandelbutter Schokotück Kekse;https://minimalistbaker.com/almond-butter-chocolate-chip-cookies/;minimalistbaker.com;June 19, 2017;['Rezepte', 'gebäck', 'Kekse', 'Mandeln', 'Schokolade', 'vegan']
Erdbeer-Mascarpone Torte mit Bröselboden;http://thelifeinfrontofmyeyes.blogspot.de/2017/06/Erdbeer-Mascarpone-Torte-mit-Broeselboden.html;thelifeinfrontofmyeyes.blogspot.de;June 19, 2017;['Rezepte', 'gebäck', 'Torte', 'Erdbeeren']
Kokos-Käsekuchen;http://www.jenseitsvoneden.de/2017/06/tropisch-trifft-klassisch-kasekuchen.html;www.jenseitsvoneden.de;June 14, 2017;['Rezepte', 'gebäck', 'Kokos', 'Schokolade', 'Blechkuchen', 'Käsekuchen']
Rhubarb Cake;https://www.aprettylifeinthesuburbs.com/rhubarb-pudding-cake/;www.aprettylifeinthesuburbs.com;June 08, 2017;['Rharbarber', 'gebäck', 'Rezepte', 'Rührkuchen']
Schoko-Ganache Kuchen;http://www.mutti-magazin.de/schoko-topfkuchen/;www.mutti-magazin.de;May 26, 2017;['Rezepte', 'gebäck', 'Buttermilch', 'Schokolade', 'Ganache', 'Rührkuchen', 'Torte']
Chocolate-Cheesecake;http://kuechenzaubereien.blogspot.de/2017/05/im-schoko-kasekuchen-himmel-chocolate.html;kuechenzaubereien.blogspot.de;May 26, 2017;['Rezepte', 'gebäck', 'Käsekuchen', 'Schokolade']
Nussecken;http://www.holladiekochfee.de/rezept-low-carb-nussecken/;www.holladiekochfee.de;May 26, 2017;['Rezepte', 'gebäck', 'nüsse', 'Low Carb']
Erdbeer-Rharbarber-Scones;http://www.backbube.com/2017/05/21/erdbeer-rhabarber-scones-glueck-am-morgen/;www.backbube.com;May 26, 2017;['Rezepte', 'gebäck', 'Erdbeeren', 'Scones', 'Rharbarber', 'frühstück']
Whiskey Blondies;http://www.jenseitsvoneden.de/2017/05/whiskey-blondies.html;www.jenseitsvoneden.de;May 26, 2017;['Rezepte', 'gebäck', 'Brownies', 'Whisky', 'Blondies', 'Schokolade']
Oreo Cookie Bars;http://www.jenseitsvoneden.de/2017/05/oreo-cookie-bars.html;www.jenseitsvoneden.de;May 26, 2017;['Rezepte', 'gebäck', 'Oreo', 'Brownies', 'Schokolade']
Erdbeer-Swirl-Käsekuchen;http://www.holladiekochfee.de/strawberry-swirl-cheesecake/;www.holladiekochfee.de;May 26, 2017;['Rezepte', 'gebäck', 'Käsekuchen', 'Erdbeeren', 'Low Carb']
Oreo Torte;http://www.whatinaloves.com/2017/05/easy-peasy-oreo-tortchen.html;www.whatinaloves.com;May 26, 2017;['Rezepte', 'Buttermilch', 'Schokolade', 'Oreo', 'gebäck']
Brownies;http://knusperstuebchen.net/2017/05/14/schoko-brownies-ein-grundrezept/;knusperstuebchen.net;May 17, 2017;['Rezepte', 'gebäck', 'Brownies', 'Schokolade']
Pikante Kekse mit Walnuss-Parmesan-Tomate;http://brotwein.net/pikante-kekse-mit-walnuss-parmesankaese-tomaten-und-ras-el-hanout-1346;brotwein.net;May 12, 2017;['Rezepte', 'gebäck', 'Kekse', 'Herzhaftes', 'Walnüsse', 'Parmesan', 'Tomaten']
Buttermilch Pancakes;https://smittenkitchen.com/2017/05/tall-fluffy-buttermilk-pancakes/;smittenkitchen.com;May 12, 2017;['Rezepte', 'Buttermilch', 'Pancakes', 'frühstück']
Erdnussbutterkekse;https://www.aprettylifeinthesuburbs.com/grandmas-flourless-peanut-butter-cookies/;www.aprettylifeinthesuburbs.com;May 11, 2017;['Rezepte', 'gebäck', 'Kekse', 'Erdnussbutter']
Pannacotta Tarte;http://www.marylicious.de/2017/05/06/pannacotta-tarte-mit-waldheidelbeeren/;www.marylicious.de;May 07, 2017;['Tarte', 'Rezepte', 'gebäck', 'Torte', 'sahne', 'Beeren']
Kokos Brownies;http://knusperstuebchen.net/2016/08/07/bounty-brownies-schokoladiger-kokoskuchen/;knusperstuebchen.net;May 01, 2017;['Rezepte', 'gebäck', 'Brownies', 'Kokos', 'Schokolade', 'Blechkuchen']
Johannisbeer-Käsekuchen;http://knusperstuebchen.net/2016/08/21/johannisbeer-zebra-cheesecake/;knusperstuebchen.net;May 01, 2017;['Rezepte', 'gebäck', 'Johannisbeeren', 'Käsekuchen']
Donauwelle;http://knusperstuebchen.net/2016/02/21/donauwelle-schokoladig-cremiger-klassiker/;knusperstuebchen.net;May 01, 2017;['Rezepte', 'gebäck', 'Schokolade', 'Kirschen', 'Pudding', 'Blechkuchen']
Blaubeer Buttermilch Kuchen;http://knusperstuebchen.net/2016/06/19/blaubeer-buttermilch-kuchen-familienrezept/;knusperstuebchen.net;May 01, 2017;['Rezepte', 'gebäck', 'Buttermilch', 'Blechkuchen', 'Blaubeer', 'Streusel']
Schokoladen Ricotta Tarte;http://www.backbube.com/2017/04/30/schokoladen-ricotta-tarte-mit-meersalz/;www.backbube.com;April 30, 2017;['Schokolade', 'gebäck', 'Tarte', 'Rezepte', 'Ricotta']
Beeren-Smoothie-Eis-Muffins;http://holunderweg18.blogspot.de/2017/04/gesunde-beeren-smoothie-eis-muffins.html;holunderweg18.blogspot.de;April 17, 2017;['Rezepte', 'Eis', 'Muffins', 'Beeren', 'Mixer']
Marmorkuchen;http://www.mrsflury.com/bester-mamorkuchen-marble-cake/;www.mrsflury.com;April 17, 2017;['Rezepte', 'gebäck', 'Schokolade', 'Rührkuchen']
Rharbarberhefeschnecken;http://knusperstuebchen.net/2017/04/14/rhabarberschnecken-fluffig-und-suess/;knusperstuebchen.net;April 17, 2017;['Rezepte', 'gebäck', 'Hefe', 'Rharbarber', 'himbeeren']
Golden Milk;http://minimalistbaker.com/5-minute-vegan-golden-milk/;minimalistbaker.com;April 17, 2017;['Rezepte', 'Getränke', 'vegan', 'Sojamilch', 'Kurkuma']
Kakaonib-Energy-Trüffel;http://honestcooking.com/cacao-nib-energy-truffles/;honestcooking.com;April 17, 2017;['Rezepte', 'Müsliriegel', 'Mixer', 'nüsse', 'Schokolade']
Käsekuchen-Brownies;http://lowcarbkoestlichkeiten.de/low-carb-kaesekuchen-brownies-rezeptvideo/;lowcarbkoestlichkeiten.de;April 17, 2017;['Rezepte', 'gebäck', 'Brownies', 'Käsekuchen', 'Blechkuchen', 'Low Carb']
Chocolate Tahini Cookies;http://saltedplains.com/chocolate-tahini-cookies-gluten-free-vegan/;saltedplains.com;April 17, 2017;['Rezepte', 'Kekse', 'Schokolade', 'gebäck', 'Tahini']
Süsskartoffek Ofentortilla;http://knusperstuebchen.net/2017/03/14/suesskartoffel-ofen-tortilla-wuerzig-und-gut/;knusperstuebchen.net;April 02, 2017;['Rezepte', 'hauptgerichte', 'Süßkartoffeln', 'Herzhaftes']
Möhrenkuchenzimtschnecken;http://www.zuckerzimtundliebe.de/2015/04/moehrenkuchen-zimtschnecken-rezept-fuer-cinnamon-rolls-carrot-cake-cinnamon-rolls-recipe-frischkaese-glasur/;www.zuckerzimtundliebe.de;March 22, 2017;['Rezepte', 'gebäck', 'Zimt', 'Möhre', 'Hefe', 'Ostern']
Schoko Muffins mit Nougatkern;http://knusperstuebchen.net/2017/03/12/schoko-muffins-mit-nougat-kern/;knusperstuebchen.net;March 20, 2017;['Rezepte', 'gebäck', 'Muffins', 'Schokolade', 'Nougat', 'Rührkuchen']
Haferflocken Chocolate Chip Cookie Bar;http://www.zuckerzimtundliebe.de/2017/03/rezept-fuer-chocolate-chip-cookie-bars-mit-haferflocken-ein-ganz-schoen-grosser-keks/;www.zuckerzimtundliebe.de;March 20, 2017;['Rezepte', 'gebäck', 'Kekse', 'Blechkuchen', 'haferflocken', 'Schokolade']
Franzbrötchen;http://www.zuckerzimtundliebe.de/2017/03/franzbroetchen-rezept-mit-zimt-kakao-fuellung/;www.zuckerzimtundliebe.de;March 10, 2017;['Rezepte', 'gebäck', 'Kleingebäck', 'Zimt', 'Schokolade', 'Hefe']
Foaccia mit Lecso;http://www.kuriositaetenladen.com/2017/02/focaccia-mit-lecso.html;www.kuriositaetenladen.com;March 10, 2017;['Foaccia', 'Rezepte', 'hauptgerichte', 'Gebäck', 'Herzhaftes', 'Tomaten']
Haselnuss-Schoko Cookies;http://karensbackwahn.blogspot.de/2017/03/haselnuss-schoko-cookies.html#.WMK5RBLyuRs;karensbackwahn.blogspot.de;March 10, 2017;['Rezepte', 'Gebäck', 'Kekse', 'Schokolade', 'nüsse']
Mandelmehl Schokoladen-Kokos Kekse;http://minimalistbaker.com/almond-meal-cookies-with-chocolate-chips-and-coconut/;minimalistbaker.com;March 10, 2017;['Rezepte', 'Gebäck', 'Kokos', 'Mandeln', 'Schokolade', 'Kekse']
Krapfen;http://kuechenzaubereien.blogspot.de/2017/02/faschingskrapfen-mit-zitronennote-aus.html;kuechenzaubereien.blogspot.de;March 10, 2017;['Rezepte', 'frittiertes', 'zitrone', 'Kleingebäck']
Macarons Grundrezept;https://www.franzoesischkochen.de/macarons-mein-rezept/;www.franzoesischkochen.de;March 10, 2017;['Rezepte', 'Gebäck', 'Kleingebäck']
Digestive Biscuits;http://www.donalskehan.com/recipes/homemade-digestive-biscuits/;www.donalskehan.com;March 10, 2017;['Rezepte', 'Gebäck', 'Kekse', 'Vollkorn']
Oat Flapjacks;http://www.biggerbolderbaking.com/irish-oat-flapjacks/;www.biggerbolderbaking.com;March 10, 2017;['Rezepte', 'Gebäck', 'haferflocken', 'british']
No Bake Fudge Brownie Cheesecake;http://www.biggerbolderbaking.com/no-bake-fudge-brownie-cheesecake/;www.biggerbolderbaking.com;March 10, 2017;['Rezepte', 'Gebäck', 'Brownies', 'Käsekuchen', 'Torte']
Best Brownie Ever;http://www.biggerbolderbaking.com/best-ever-brownie-recipe/;www.biggerbolderbaking.com;March 10, 2017;['Schokolade', 'Brownies', 'Rezepte', 'Gebäck']
Schottisches Shortbread;http://www.kuriositaetenladen.com/2009/10/schottisches-shortbread.html;www.kuriositaetenladen.com;February 26, 2017;['Rezepte', 'Gebäck', 'Kekse', 'Shortbread']
Low Carb Knusperbrot;http://www.himmelsglitzerdings.de/2017/02/knusperbrot-low-carb-lchf-keto.html#more;www.himmelsglitzerdings.de;February 26, 2017;['Rezepte', 'Gebäck', 'Brot', 'Low Carb', 'nüsse']
Zitronen-Mandelkuchen mit Mandarinen;http://www.backbube.com/2017/02/12/zitronen-mandelkuchen-mit-mandarinen-und-mandelblaettchen/;www.backbube.com;February 26, 2017;['Gebäck', 'Rezepte', 'Rührkuchen', 'Mandeln', 'Mandarine', 'Orange', 'zitrone']
Gestürzter Ananaskuchen;http://www.experimenteausmeinerkueche.de/2017/02/gestuerzterananaskuchenmitkandis.html;www.experimenteausmeinerkueche.de;February 23, 2017;['Rezepte', 'Gebäck', 'Rührkuchen', 'Ananas']
Zitronen-Buttermilch-Shortbreadtarte;http://knusperstuebchen.net/2017/02/19/zitronen-buttermilch-shortbread-tarte-fruehlingsgefuehle/;knusperstuebchen.net;February 23, 2017;['Rezepte', 'Gebäck', 'Tarte', 'zitrone', 'Buttermilch']
Zebramarmorkuchen;http://knusperstuebchen.net/2016/01/22/ein-familienklassiker-zebra-marmorkuchen/;knusperstuebchen.net;February 23, 2017;['Rezepte', 'Gebäck', 'Rührkuchen', 'Schokolade']
Möhrenkuchenkekse mit Frischkäseglasur;http://www.backbube.com/2017/02/17/glutenfreie-carrot-cookie-sticks-mit-frischkaese-glasur/;www.backbube.com;February 23, 2017;['Rezepte', 'Gebäck', 'Ostern', 'Möhre', 'Frischkäse', 'Kekse']
Marmorkuchen;http://www.kuriositaetenladen.com/2017/02/marmorkuchen.html;www.kuriositaetenladen.com;February 17, 2017;['Rezepte', 'Gebäck', 'Rührkuchen', 'Schokolade']
Fudgy Brownie Cookies;http://lifemadesimplebakes.com/2017/02/fudgy-brownie-cookies/;lifemadesimplebakes.com;February 17, 2017;['Rezepte', 'Gebäck', 'Kekse', 'Schokolade', 'Brownies']
Apfelwähe;http://www.jenseitsvoneden.de/2017/02/omas-apfelwahe.html;www.jenseitsvoneden.de;February 14, 2017;['Rezepte', 'Gebäck', 'Apfel', 'Tarte']
Lime Meltaways;http://www.kuriositaetenladen.com/2010/10/lime-meltaways.html;www.kuriositaetenladen.com;February 11, 2017;['Rezepte', 'Gebäck', 'Kekse', 'zitrone', 'Mürbeteig']
Pflaumenmuskekse mit Pistazien;http://www.zuckerzimtundliebe.de/2014/09/rezept-pflaumenmuskekse-cookies-pistazien-mandeln-backen-pflaumenrezept-zwetschgenmus-zuckerzimtundliebe-foodblog-keksrezept-jamcookies-jamdrops-plumcookies-jamcookies/;www.zuckerzimtundliebe.de;February 11, 2017;['Rezepte', 'gebäck', 'Kekse', 'Pflaumen']
Schoko-Nuss-Taler;http://knusperstuebchen.net/2016/12/01/schoggi-guetzli-der-erste-knusperstuebchen-adventskalender/;knusperstuebchen.net;February 11, 2017;['Rezepte', 'Gebäck', 'Kekse', 'Schokolade', 'nüsse']
Fleur de Sel Schokokekse;http://www.kuriositaetenladen.com/2011/11/sables-chocolat-la-fleur-de-sel.html;www.kuriositaetenladen.com;February 11, 2017;['Rezepte', 'Gebäck', 'Kekse', 'Schokolade']
Pudding Streusel Kuchen;http://knusperstuebchen.net/2017/01/29/streusel-pudding-kuchen/;knusperstuebchen.net;February 04, 2017;['Rezepte', 'Gebäck', 'Pudding', 'Streusel', 'Tarte']
Orange Chicken Stir Fry;http://www.donalskehan.com/recipes/orange-five-spice-sticky-chicken-stir-fry/;www.donalskehan.com;January 31, 2017;['Rezepte', 'hauptgerichte', 'Orange', 'Huhn']
Schokoladen-Zupfbrot;http://www.zuckerzimtundliebe.de/2017/01/rezept-schokoladen-zupfbrot-espresso-zuckerguss-chocolate-pull-apart-bread-recipe/;www.zuckerzimtundliebe.de;January 28, 2017;['Rezepte', 'Gebäck', 'Hefe', 'Schokolade']
Schoko-Creme-Bars;http://knusperstuebchen.net/wp-content/uploads/2015/09/Schoko-Creme-Kuchen-mit-Karamell.pdf;knusperstuebchen.net;January 17, 2017;['Rezepte', 'Gebäck', 'Schokolade', 'karamell', 'Blechkuchen', 'Frischkäse']
Zitronen-Mohn-Kuchen mit Quarkcreme;http://knusperstuebchen.net/2017/01/15/zitronen-mohn-kuchen-mit-quark-creme-sommer-im-winter/;knusperstuebchen.net;January 17, 2017;['Rezepte', 'Gebäck', 'zitrone', 'mohn', 'Quark', 'Blechkuchen']
Chai spiced oatmeal crisps;http://www.tasteloveandnourish.com/2016/12/12/chai-spiced-oatmeal-crisps-mix/;www.tasteloveandnourish.com;January 15, 2017;['Rezepte', 'Gebäck', 'Kekse', 'haferflocken']
Maracuja-Buttermilch-Cheesecake;http://knusperstuebchen.net/2015/01/24/maracuja-buttermilch-cheesecake/;knusperstuebchen.net;January 10, 2017;['Rezepte', 'Gebäck', 'Torte', 'Maracuja', 'Buttermilch']
Mousse au chocolat;http://www.kuriositaetenladen.com/2016/12/mousse-au-chocolat.html;www.kuriositaetenladen.com;January 09, 2017;['Rezepte', 'Dessert', 'Schokolade', 'sahne']
Zimtstern-cheesecake mit Mohn;http://kruemelkreationen.blogspot.de/2016/12/zimtstern-cheesecake-mit-mohn-und.html;kruemelkreationen.blogspot.de;January 02, 2017;['Käsekuchen', 'mohn', 'Zimt', 'Rezepte', 'Gebäck']
Lebkuchen - auf dem Blech;http://mrs-mohntag.de/2015/12/lebkuchen-super-einfach-schnell-und-mega-lecker/;mrs-mohntag.de;December 14, 2016;['Lebkuchen', 'Weihnachten', 'Blech', 'Rezepte', 'Gebäck']
Unglaublich zarte Schneeflöckchen Kekse ;http://einepriselecker.de/unglaublich-zarte-schneefloeckchen-kekse/#comment-492;einepriselecker.de;December 12, 2016;['Kekse', 'Gebäck', 'Weihnachten', 'Rezepte']
Orangenmarmeladen Weihnachtsplätzchen;http://www.zuckerzimtundliebe.de/2016/11/marmeladen-weihnachtsplaetzchen-rezept-chivers-orangenmarmelade/#comment-20941;www.zuckerzimtundliebe.de;December 12, 2016;['Kekse', 'Rezepte', 'Gebäck', 'Marmelade', 'Weihnachten', 'Zuckerguss', 'Orange']
Bratapfelkuchen mit Mandeln und Zimt ;http://knusperstuebchen.net/2016/11/27/bratapfelkuchen-mit-mandeln-und-zimt-glitzerstuebchen/;knusperstuebchen.net;November 29, 2016;['Rezepte', 'Apfel', 'Zimt', 'Mandeln', 'Gebäck']
Lebkuchen-Zimt-Cheesecake-Tarte ;http://www.nicestthings.com/2016/11/lebkuchen-zimt-cheesecake-tarte-weihnachts-tischdeko.html;www.nicestthings.com;November 28, 2016;['Rezepte', 'Tarte', 'Schokolade', 'Zimt', 'Käsekuchen', 'Weihnachten']
Mandeltarte mit Birnen und Schokolade [Tarte frangipane aux poires];http://berlinerkueche.blogspot.de/2016/11/mandeltarte-birnen-schokolade-tarte-frangipane-poires.html;berlinerkueche.blogspot.de;November 24, 2016;['Tarte', 'Gebäck', 'Rezepte', 'Schokolade', 'Birnen', 'Mandeln']
Pineapple Cream Cake (No Bake!) ;https://momsbakeshop.wordpress.com/2016/08/22/pineapple-cream-cake-no-bake/;momsbakeshop.wordpress.com;November 14, 2016;['Rezepte', 'Gebäck', 'Ananas', 'NoBake', 'Oreo']
 Rote Beete Double Chocolate Brownies;http://shades-of-nature.de/2016/10/25/rote-beete-schokolanden-brownies/;shades-of-nature.de;November 13, 2016;['Schokolade', 'Brownies', 'Rezepte', 'Gebäck']
Chocolate Chip Scones;http://einepriselecker.de/rezension-cynthia-barcomis-backbuch/#.WCRJb-ErKRt;einepriselecker.de;November 13, 2016;['Kekse', 'Scones', 'Gebäck', 'Rezepte', 'Schokolade']
Mandel-Zimt-Kekse - Almond-Cinnamon-Sugar-Cookies;http://knusperstuebchen.net/2016/10/28/mandel-zimt-kekse/;knusperstuebchen.net;November 13, 2016;['Rezepte', 'Gebäck', 'Kekse', 'Mandeln', 'Zimt']
Vollkorn-Butterkekse [Graham Cracker];http://berlinerkueche.blogspot.de/2016/10/vollkorn-butterkekse-graham-cracker.html;berlinerkueche.blogspot.de;November 13, 2016;['Kekse', 'Rezepte', 'Gebäck', 'Vollkorn']
Gedeckter Apfelmuskuchen;http://www.experimenteausmeinerkueche.de/2016/02/gedeckter-apfelmuskuchen.html;www.experimenteausmeinerkueche.de;November 13, 2016;['Apfel', 'Blechkuchen', 'Mürbeteig', 'rezepte', 'Gebäck']
Schokoladen-Birnen Brownies;http://www.zuckerzimtundliebe.de/2016/10/die-perfekten-schokoladen-birnen-brownies/;www.zuckerzimtundliebe.de;November 13, 2016;['rezepte', 'Gebäck', 'schokolade', 'Birnen', 'Brownies']
Hefezopf mit Gebrannten Mandeln;http://www.zuckerzimtundliebe.de/2016/11/hefezopf-mit-gebrannte-mandel-fuellung-cinnamon-twist-bread-with-sugar-coated-almonds-filling/;www.zuckerzimtundliebe.de;November 10, 2016;['rezepte', 'Gebäck', 'Hefe', 'Mandeln', 'Zimt']
Brownie Cookies;http://knusperstuebchen.net/2014/02/23/saftige-schoko-cookies-eine-knusperantwort-auf-brownies/;knusperstuebchen.net;November 04, 2016;['rezepte', 'Gebäck', 'Kekse', 'Brownies', 'schokolade']
Apfelkuchen mit Pudding und Streuseln;http://knusperstuebchen.net/2015/09/27/apfelkuchen-mit-pudding-und-streuseln/;knusperstuebchen.net;October 27, 2016;['rezepte', 'Gebäck', 'Apfel', 'Pudding', 'Streusel', 'haferflocken']
Chewy Oatmeal Raisin Cookies;http://www.themamamodern.com/chewy-oatmeal-raisin-cookies-vegan/;www.themamamodern.com;October 23, 2016;['Kekse', 'rezepte', 'Gebäck', 'haferflocken']
Quicheteig;http://www.essen-und-trinken.de/rezept/298981/quiche-teig-grundrezept.html#;www.essen-und-trinken.de;October 14, 2016;['rezepte', 'Gebäck', 'Herzhaftes', 'Tarte', 'hauptgerichte']
Pflaumen-Schoko-Gugelhupf;http://karensbackwahn.blogspot.de/2016/09/kuchen-zwetschgen-schoko-gugelhupf-in.html#.V9x3lpN96Rs;karensbackwahn.blogspot.de;September 17, 2016;['Pflaumen', 'Gugelhupf', 'Rührkuchen', 'Gebäck', 'rezepte', 'schokolade']
Pflaumen-Mandelkuchen;http://knusperstuebchen.net/2016/09/04/pflaumen-mandelkuchen-hallo-herbst/;knusperstuebchen.net;September 05, 2016;['Mandeln', 'Pflaumen', 'Gebäck', 'rezepte', 'Tarte']
Quiche mit Gemüse;http://www.zuckerzimtundliebe.de/2016/07/einfaches-gemuese-quiche-rezept/;www.zuckerzimtundliebe.de;July 19, 2016;['rezepte', 'hauptgerichte', 'Tarte', 'Herzhaftes']
Fattoush - orientalischer Brotsalat;http://www.kuriositaetenladen.com/2014/07/fattoush.html;www.kuriositaetenladen.com;July 19, 2016;['rezepte', 'Salat', 'hauptgerichte']
Johannisbeer-Streusel-Brownies;http://www.lecker.de/beerenstreusel-brownie-34806.html;www.lecker.de;July 08, 2016;['rezepte', 'Gebäck', 'schokolade', 'Brownies', 'Johannisbeeren', 'Streusel']
Erdnuss-Schokoladen-Tarte;https://zumbackenverfuehrt.wordpress.com/2013/03/15/erdnuss-schokoladen-tarte/;zumbackenverfuehrt.wordpress.com;July 08, 2016;['rezepte', 'Gebäck', 'schokolade', 'Erdnussbutter', 'Tarte']
Hafer-Dinkel Kekse;http://www.rehleinbackt.de/2016/06/hafer-dinkel-cookies.html;www.rehleinbackt.de;July 06, 2016;['rezepte', 'Gebäck', 'Kekse', 'haferflocken', 'schokolade']
Schokoladen-Karamelltarte mit Himbeeren;https://sonnensofie.wordpress.com/2016/06/08/schokoladentarte-himbeeren/;sonnensofie.wordpress.com;June 18, 2016;['rezepte', 'Tarte', 'himbeeren', 'schokolade', 'karamell']
Nektarinen Tarte mit Vollkornkeks Boden;http://www.backbube.com/2016/06/05/nektarinen-tarte-mit-vollkornkeks-boden-und-weisser-schokosahne/;www.backbube.com;June 18, 2016;['Gebäck', 'rezepte', 'Tarte', 'pfirsich']
Minikäsekuchen mit Oreoboden und Erbeerpüree;http://www.backbube.com/2016/06/12/mini-cheesecakes-mit-oreoboden-und-erdbeerpueree/;www.backbube.com;June 16, 2016;['rezepte', 'Gebäck', 'käsekuchen', 'Erdbeeren']
Maulwurfkuchen mit Oreo und Blaubeeren;https://toertchenfieber.wordpress.com/2016/04/24/maulwurfkuchen-variation-mit-oreo-und-blaubeeren/;toertchenfieber.wordpress.com;June 05, 2016;['rezepte', 'Gebäck', 'Blaubeer', 'schokolade']
Rhubarb crumb bars;http://www.afarmgirlsdabbles.com/strawberry-rhubarb-crumb-bars/;www.afarmgirlsdabbles.com;June 05, 2016;['rezepte', 'Gebäck', 'Erdbeeren', 'Rharbarber', 'Rührkuchen', 'Blechkuchen']
New York Cheesecake;http://karensbackwahn.blogspot.de/2016/05/kuchen-new-york-cheesecake.html#.V0xsxpN96Rs;karensbackwahn.blogspot.de;May 30, 2016;['rezepte', 'Gebäck', 'käsekuchen']
Rhubard Nut Cake;http://www.afarmgirlsdabbles.com/rhubarb-nut-coffee-cake/;www.afarmgirlsdabbles.com;May 22, 2016;['rezepte', 'Gebäck', 'Rharbarber', 'Nuss', 'Rührkuchen']
Dulce de Leche Plätzchen;http://berlinerkueche.blogspot.de/2016/04/alfajores-plaetzchen-fuellung-dulce-de-leche-schokolade.html;berlinerkueche.blogspot.de;May 12, 2016;['rezepte', 'Kekse', 'Gebäck', 'karamell']
Tahini roasted cauliflower;http://www.ferocesmente.com/food-drinks/tahini-roasted-cauliflower-with-lemony-herb-oil-vegan/;www.ferocesmente.com;May 12, 2016;['rezepte', 'hauptgerichte', 'Blumenkohl']
Knoblauchbrot;http://smittenkitchen.com/blog/2016/04/perfect-garlic-bread/;smittenkitchen.com;April 19, 2016;['Knoblauch', 'Beilagen', 'Brot']
Erdbeer-Rharbarber Kuchen;http://www.zuckerzimtundliebe.de/2016/04/rezept-fuer-himbeer-rhabarber-kuchen-mit-zuckerkruste-und-mandelhobeln-so-einfach-und-so-lecker/;www.zuckerzimtundliebe.de;April 17, 2016;['rezepte', 'Gebäck', 'Rharbarber', 'Erdbeeren', 'Rührkuchen']
Lemon Shortbread for Afternoon Tea;http://thinlyspread.co.uk/2016/02/24/lemon-shortbread-for-afternoon-tea/;thinlyspread.co.uk;March 20, 2016;['rezepte', 'Gebäck', 'Kekse', 'Kleingebäck', 'zitrone', 'Shortbread']
Nougat Baileys Tarte;http://knusperstuebchen.net/2015/10/27/genau-mein-geschmack-nougat-baileys-tarte-und-ein-baileys-latte-werbung/;knusperstuebchen.net;March 17, 2016;['Tarte', 'Nuss', 'Gebäck', 'Nougat']
Krümelkreationen: Himbeer-Käsekuchen-Brownies;http://kruemelkreationen.blogspot.de/2016/02/himbeer-kasekuchen-brownies.html;kruemelkreationen.blogspot.de;February 14, 2016;['Brownies', 'Blechkuchen', 'himbeeren', 'käsekuchen']
Gedeckter Apfelmuskuchen;http://www.experimenteausmeinerkueche.de/2016/02/gedeckter-apfelmuskuchen.html;www.experimenteausmeinerkueche.de;February 14, 2016;['Apfel', 'Blechkuchen']
Lebkuchen Blechkuchen;http://mrs-mohntag.de/2015/12/lebkuchen-super-einfach-schnell-und-mega-lecker/;mrs-mohntag.de;December 14, 2015;['rezepte', 'Gebäck', 'Lebkuchen', 'weihnachten', 'Blechkuchen']
Haselnuss-Zimt-Bällchen & Zimtschnecken;http://knusperstuebchen.net/2015/11/13/aus-der-plaetzchendose-haselnuss-zimt-baellchen-zimtschnecken/;knusperstuebchen.net;December 13, 2015;['rezepte', 'Gebäck', 'Kekse', 'Kleingebäck', 'Zimt', 'weihnachten', 'Nuss']
Spekulatius-Kuchen mit Ahorn-Sirup-Zimt Glasur - Innen und Aussen;http://www.innenaussen.com/2015/12/spekulatius-kuchen-mit-ahorn-sirup-zimt-glasur.html;www.innenaussen.com;December 09, 2015;[]
My Favorite Things Scarf on Pinterest | Fair Isles, Fair Isle Knitting and Fair ...;https://www.pinterest.com/dreareneeknits/my-favorite-things-scarf/;www.pinterest.com;December 08, 2015;['stricken', 'fairisle']
Chocolate Chip Cookies | Vegan Guerilla;http://www.veganguerilla.de/chocolate-chip-cookies/;www.veganguerilla.de;December 03, 2015;['rezepte', 'Gebäck', 'Kekse', 'schokolade', 'vegan']
Zimtschneckenkuchen Kastenkuchen | Zucker, Zimt und Liebe;http://www.zuckerzimtundliebe.de/2015/01/rezept-zimtschneckenkuchen-zimtschnecke-zimtkuchen-kastenkuchen-ruhrteig-einfaches-backrezept-zuckerzimtundliebe-foodblog-easy-cinnamon-loaf-recipe/;www.zuckerzimtundliebe.de;October 11, 2015;['Zimt', 'rezepte', 'Rührkuchen', 'Gebäck']
Schoko-Apfel-Kuchen;http://lifeisfullofgoodies.com/2015/09/13/schoko-apfelkuchen-mit-mandeln-und-karamell/;lifeisfullofgoodies.com;October 11, 2015;['schokolade', 'Apfel', 'birn', 'Gebäck']
Kirsch Streuselkuchen mit Walnuss | Zucker, Zimt und Liebe;http://www.zuckerzimtundliebe.de/2015/06/rezept-fuer-kirsch-streuselkuchen-mit-walnuss-fleur-de-sel-streuseln/;www.zuckerzimtundliebe.de;October 11, 2015;['Kirschen', 'Streusel', 'Rührkuchen', 'Gebäck']
HibbyAloha: {Food Friday} Lemon Bars;http://www.hibbyaloha.de/2015/09/food-friday-lemon-bars.html;www.hibbyaloha.de;September 14, 2015;['zitrone', 'Blechkuchen']
BBC - Food - Recipes : Paul Hollywood's scones;http://www.bbc.co.uk/food/recipes/paul_hollywoods_scones_70005;www.bbc.co.uk;July 15, 2015;['Scones', 'Kleingebäck', 'rezepte', 'Gebäck', 'british']
Lemon Bars;http://thepioneerwoman.com/cooking/2015/06/lemon-bars/;thepioneerwoman.com;June 30, 2015;['rezepte', 'Gebäck', 'zitrone', 'Blechkuchen']
Rhabarber-Erdbeer-Pie | Backbube;http://www.backbube.com/2015/05/17/saftig-knusprig-himmlisch-rhabarber-erdbeeren-treffen-auf-einen-knusprigen-teig-rhabarber-erdbeer-pie/;www.backbube.com;June 04, 2015;['Erdbeeren', 'Rharbarber', 'pie']
Poppy Seed Cheese-Cake mit Streuseln;http://lillysluckyadventures.blogspot.de/2015/05/der-perfekte-sonntagskuchen-poppyseed.html;lillysluckyadventures.blogspot.de;June 04, 2015;['mohn', 'Quark', 'Streusel']
Low Carb Zupfkuchen Muffins ~ Beauty Butterflies;http://www.beautybutterflies.de/2015/05/rezept-low-carb-zupfkuchen-muffins.html;www.beautybutterflies.de;June 04, 2015;['Low Carb', 'Quark', 'schokolade']
Knitty: Magic cast-on for toe-up socks;http://knitty.com/ISSUEspring06/FEATmagiccaston.html;knitty.com;April 08, 2015;['knitting', 'socks', 'cast-on', 'judysmagiccaston']
Norwegermuster 2;http://www.dalegarn.com/images/misc/201205110400033.pdf;www.dalegarn.com;April 08, 2015;['stricken', 'fairisle']
Norwegermuster;http://www.dalegarn.com/images/misc/201110040219123.pdf;www.dalegarn.com;April 08, 2015;['stricken', 'fairisle']
Circinus socks : Deep Fall 2013;http://www.knitty.com/ISSUEdf13/PATTcircinus.php;www.knitty.com;April 08, 2015;['stricken', 'socken', 'cables']
Hefezopf mit Quark-Zitronen-Füllung;http://berlinerkueche.blogspot.de/2014/03/hefezopf-mit-quark-zitronen-fullung.html;berlinerkueche.blogspot.de;April 02, 2015;['rezepte', 'Gebäck', 'zitrone', 'Quark', 'Hefe']
Zitronen Buttermilch Tarte;http://www.zuckerzimtundliebe.de/2015/03/22/rezept-fuer-zitronenbuttermilch-tarte-buttermilk-pie-blindbacken-custard-tart-recipe-zuckerzimtundliebe-backblog/;www.zuckerzimtundliebe.de;March 22, 2015;['rezepte', 'Gebäck', 'Tarte', 'zitrone', 'Buttermilch']
Zebrakuchen mit fruchtiger Creme;http://www.beautybutterflies.de/2015/03/rezept-zebrakuchen-mit-fruchtiger-creme.html;www.beautybutterflies.de;March 15, 2015;['rezepte', 'Gebäck', 'schokolade', 'Rührkuchen', 'Aprikosen', 'zitrone']
Apfelkuchen mit Karamellkruste;http://www.lecker.de/rezept/3075279/Apfelkuchen-mit-Karamellkruste.html;www.lecker.de;March 12, 2015;['rezepte', 'Gebäck', 'Apfel', 'Blechkuchen', 'karamell', 'Rührkuchen']
Schokoladenbrot;http://www.maraswunderland.de/schokoladenbrot/;www.maraswunderland.de;March 01, 2015;['rezepte', 'Gebäck', 'schokolade', 'Blechkuchen']
Millionaire's Shortbread [Karamell-Shortbread];http://berlinerkueche.blogspot.de/2015/02/millionaires-shortbread-karamell-dulce-de-leche.html;berlinerkueche.blogspot.de;March 01, 2015;['rezepte', 'Gebäck', 'karamell', 'Kekse', 'schokolade']
Über ein Rezept für Blaubeer-Bananenbrot mit Streuseln oder: wo die wilden Blaub...;https://zuckerzimtundliebe.wordpress.com/2015/02/22/rezept-bananenbrot-mit-blaubeeren-und-streuseln-streuselkuchen-bananenkuchen-blaubeerkuchen-wilde-blaubeeren-kanada-wild-blueberries-of-canada-recipe-rezept-backrezept-zuckerzimtundliebe-kulinarische/;zuckerzimtundliebe.wordpress.com;February 22, 2015;['Gebäck', 'Banane', 'Streusel', 'Rührkuchen', 'Blaubeer', 'rezepte']
Passionsfrucht-Tarte;http://kruemelkreationen.blogspot.de/2015/02/passionsfrucht-tarte.html;kruemelkreationen.blogspot.de;February 07, 2015;['rezepte', 'Gebäck', 'Tarte', 'Maracuja']
Mandelschnitten aka "Die-Marmelade-muss-auch-bald-weg"-Kuchen;http://www.whatinaloves.com/2015/02/mandelschnitten-aka-die-marmelade-muss.html;www.whatinaloves.com;February 03, 2015;['rezepte', 'Gebäck', 'Blechkuchen', 'Streusel', 'marmelade']
Symbol Knitting Deutsch - Englisch;http://www.grannys-garret.com/knit/how_to/knitting_symbol_German_to_English.html;www.grannys-garret.com;January 28, 2015;['knitting']
Herbstlicher Zimt-Swirl-Kuchen;http://lillysluckyadventures.blogspot.de/2013/10/sweets-herbstlicher-zimt-swirl-kuchen.html;lillysluckyadventures.blogspot.de;January 18, 2015;['rezepte', 'Gebäck', 'Zimt', 'Rührkuchen']
HibbyAloha: {Food Friday} Winterkuchen "Beeren im Schnee";http://www.hibbyaloha.de/2014/12/food-friday-winterkuchen-beeren-im.html;www.hibbyaloha.de;January 18, 2015;['rezepte', 'Gebäck', 'himbeeren', 'Streusel']
HibbyAloha: {Food Friday} Eier-Gratin;http://www.hibbyaloha.de/2015/01/food-friday-eier-gratin.html;www.hibbyaloha.de;January 18, 2015;['rezepte', 'Auflauf', 'Herzhaftes', 'Spinat', 'Ei']
Snickerdoodles!;http://smoky-eyed.blogspot.de/2014/12/huftgoldmania-snickerdoodles.html;smoky-eyed.blogspot.de;January 15, 2015;['rezepte', 'Gebäck', 'Kekse']
Orangen-Schmand-Gugelhupf;http://mrsfudge.blogspot.de/2014/08/orangen-schmand-gugelhupf.html;mrsfudge.blogspot.de;January 15, 2015;['rezepte', 'Gebäck', 'Rührkuchen', 'Orange', 'Gugelhupf']
Krümelkreationen: Karamell Käsekuchen Tarte;http://kruemelkreationen.blogspot.de/2015/01/karamell-kasekuchen-tarte.html;kruemelkreationen.blogspot.de;January 10, 2015;['rezepte', 'Gebäck', 'käsekuchen', 'karamell', 'Tarte']
Starbucks Schoko - Cheesecake - Muffins zum Nachbacken! - YouTube;https://www.youtube.com/watch?v=2XWe58Hfy4k;www.youtube.com;January 03, 2015;['Muffins', 'Gebäck', 'rezepte', 'schokolade', 'käsekuchen', 'Frischkäse']
{sweet life} in der Wohnheim-Weihnachtsbäckerei, gibts so manche Kleckerei – und...;http://sonnensofie.wordpress.com/2014/12/04/engelsaugen-mit-schoki-und-aprikosenmarmelade/;sonnensofie.wordpress.com;December 04, 2014;['rezepte', 'Gebäck', 'Kekse', 'marmelade']
Nougat Kekse;http://instagram.com/p/vqELU_kSAZ/?modal=true;instagram.com;November 21, 2014;['rezepte', 'Gebäck', 'Kekse', 'weihnachten', 'Nougat', 'nüsse']
Kleiner Kuriositätenladen: Buttermilchwaffeln;http://www.kuriositaetenladen.com/2014/10/buttermilchwaffeln.html;www.kuriositaetenladen.com;November 14, 2014;['rezepte', 'Gebäck', 'Waffeln', 'Buttermilch', 'kleiner kuriositätenladen']
"Thurgauer Apfelkuchen" - Liebling von Kleiner Kuriositätenladen;http://www.kuriositaetenladen.com/2012/01/backen-mit-tina-heute-thurgauer.html;www.kuriositaetenladen.com;November 14, 2014;['rezepte', 'Gebäck', 'Apfel', 'Blechkuchen']
Gefüllte Conchiglie;http://www.chefkoch.de/rezepte/1031081208321251/Gefuellte-Conchiglie.html;www.chefkoch.de;November 11, 2014;['rezepte', 'hauptgerichte', 'Pasta', 'Spinat', 'Hack']
Cinnamon Rolls › Kugelzeit;http://www.kugelzeit.com/2012/05/cinnamon-rolls/;www.kugelzeit.com;November 06, 2014;['rezepte', 'Gebäck', 'Hefe', 'Zimt']
Schokoladen-Walnuss-Cookies;http://schokohimmel.wordpress.com/2013/09/27/absolut-geniale-schokoladen-walnuss-cookies/;schokohimmel.wordpress.com;October 28, 2014;['Kekse', 'Gebäck', 'schokolade', 'nüsse', 'rezepte']
Kürbispie;http://fraeulein-klein.blogspot.de/2014/10/apfel-und-kurbis-zwei-verschiedene.html;fraeulein-klein.blogspot.de;October 12, 2014;['rezepte', 'Gebäck', 'Kürbis']
Lemon Drizzle Cake Recipe;https://www.youtube.com/watch?v=1z54UpordBM;www.youtube.com;October 05, 2014;['rezepte', 'Gebäck', 'zitrone', 'Blechkuchen', 'Rührkuchen']
Kürbis Brownies;https://www.springlane.de/magazin/rezeptideen/kuerbis-brownies/;www.springlane.de;September 29, 2014;['rezepte', 'Gebäck', 'schokolade', 'Kürbis', 'Brownies']
DIY karamell Popcorn;https://www.youtube.com/watch?v=ySIKvzMSMUM;www.youtube.com;September 21, 2014;['rezepte', 'Popcorn', 'Snacks', 'karamell']
Zwetschgentarte mit Walnussstreuseln (Rezept mit Bild) | Chefkoch.de;http://www.chefkoch.de/rezepte/2113431340536323/Zwetschgentarte-mit-Walnussstreuseln.html;www.chefkoch.de;September 09, 2014;['rezepte', 'Gebäck', 'Pflaumen', 'Streusel']
Schokoküchlein mit flüssigem Kern;http://www.meetme-inthekitchen.blogspot.de/2012/09/schokokuchlein-mit-flussigem-kern.html;www.meetme-inthekitchen.blogspot.de;July 30, 2014;['Dessert', 'rezepte', 'schokolade']
Greek Olive Pesto and Fried Zucchini Grilled Pitas w/Marinated Feta + Garbanzo B...;http://www.halfbakedharvest.com/greek-olive-pesto-fried-zucchini-grilled-pitas-wmarinated-feta-garbanzo-beans/;www.halfbakedharvest.com;July 19, 2014;['rezepte', 'hauptgerichte', 'Pesto', 'Zucchini', 'Feta', 'Herzhaftes']
Muffins glutenfrei;http://www.kochtrotz.de/2014/07/01/easy-peasy-muffins-mehlfrei-zuckerfrei-eifrei-und-extrem-variabel/;www.kochtrotz.de;July 01, 2014;['rezepte', 'Muffins', 'Obst', 'Gebäck']
Amsterdam - meine Lieblingsplätze & eine kleine Travelguide;http://www.whatinaloves.com/2014/05/amsterdam-meine-lieblingsplatze-eine.html;www.whatinaloves.com;June 26, 2014;['amsterdam', 'reisen']
Himbeer Limetten Käsekuchen Eis am Stiel;http://kruemelkreationen.blogspot.de/2014/06/himbeer-limetten-kasekuchen-eis-am-stiel.html;kruemelkreationen.blogspot.de;June 17, 2014;['rezepte', 'himbeeren', 'Frischkäse', 'Eis']
Brombeer-Käsekuchen;http://thepioneerwoman.com/cooking/2014/06/blackberry-cheesecake-squares/;thepioneerwoman.com;June 16, 2014;['rezepte', 'Gebäck', 'Brombeeren', 'Blechkuchen', 'käsekuchen']
Give the Bitch her Chocolate: Leckermäulchen 20 - Herzhafter Tomatenkuchen.;http://www.chocolate-bit.ch/2014/06/leckermaulchen-20-herzhafter.html;www.chocolate-bit.ch;June 16, 2014;['rezepte', 'Gebäck', 'Herzhaftes', 'Tomaten', 'Käse']
Kleiner Kuriositätenladen: Rhubarb Fumble;http://www.kuriositaetenladen.com/2014/06/rhubarb-fumble.html;www.kuriositaetenladen.com;June 14, 2014;['rezepte', 'Dessert', 'Rharbarber', 'Streusel', 'kleiner kuriositätenladen', 'Pudding']
Erdbeer-Blechkuchen;http://www.whatinaloves.com/2014/06/vom-superschnellem-erdbeer-blechkuchen.html;www.whatinaloves.com;June 07, 2014;['Erdbeeren', 'Blechkuchen', 'schnell', 'Mandeln', 'rezepte', 'Gebäck']
Mini Gugl Grundrezept;http://www.die-teigfabrik.de/2014/01/1-jahr-teigfabrik-lets-gugl.html#more;www.die-teigfabrik.de;May 20, 2014;['rezepte', 'Gebäck', 'Gugl']
Brownie - Cookies;http://www.die-teigfabrik.de/2014/05/absoluter-schoko-wahnsinn-brownie.html;www.die-teigfabrik.de;May 20, 2014;['rezepte', 'Gebäck', 'Kekse', 'schokolade', 'Brownies']
„Hand-Küchlein“ mit Rhabarber;http://loeffelchenvollzucker.wordpress.com/2014/04/10/hand-kuchlein-mit-rhabarber/;loeffelchenvollzucker.wordpress.com;May 08, 2014;['rezepte', 'Gebäck', 'Rharbarber']
Vegan Lemon Poppy Seed Muffins;http://minimalistbaker.com/vegan-meyer-lemon-poppy-seed-muffins/;minimalistbaker.com;May 08, 2014;['rezepte', 'Gebäck', 'zitrone', 'mohn', 'Muffins', 'vegan']
Gesunde Bountys;http://bluebacardiswelt.blogspot.de/2014/05/blitz-rezept-gesunde-bountys.html;bluebacardiswelt.blogspot.de;May 08, 2014;['vegan', 'Kokos', 'schokolade', 'rezepte', 'Pralinen']
Blackberry Margaritas;http://thepioneerwoman.com/cooking/2014/05/blackberry-margaritas/;thepioneerwoman.com;May 05, 2014;['rezepte', 'Drinks', 'Cocktail', 'Brombeeren']
Tartelettes mit Rhabarber;http://www.nicestthings.com/2014/04/tartelettes-mit-rhabarber-und-biscuits.html#comment-form;www.nicestthings.com;May 04, 2014;['Rharbarber', 'rezepte', 'Gebäck', 'Tarte', 'Pudding']
Chocolate Peanut Butter Banana Bread;http://minimalistbaker.com/chocolate-peanut-butter-banana-snack-bread-vgf-one-bowl/;minimalistbaker.com;May 01, 2014;['Banane', 'Gebäck', 'rezepte', 'vegan', 'Erdnussbutter', 'schokolade']
Spiegelei-Kuchen;http://www.hibbyaloha.de/2014/04/oster-rezept-spiegelei-kuchen.html?utm_source=feedburner&utm_medium=feed&utm_campaign=Feed%3A+Hibbyaloha+%28HibbyAloha%29;www.hibbyaloha.de;April 24, 2014;['rezepte', 'Gebäck', 'nüsse', 'Quark', 'Blechkuchen']
EDEKA macht aus Zitronen “Muntermacher“ und ich mache aus den “Muntermachern“ ei...;http://www.backbube.com/2014/02/05/edeka-macht-aus-zitronen-muntermacher-und-ich-mache-aus-den-muntermachern-eine-feine-zitronentarte-mit-baiserhaube/#more-3839;www.backbube.com;April 15, 2014;['zitrone', 'rezepte', 'Gebäck', 'Tarte']
Schwarzwälder Kirsch Gugelhupf;http://www.backbube.com/2013/12/22/der-kleine-backbube-gugelhupf-adventskalender-22-turchen/;www.backbube.com;April 15, 2014;['schokolade', 'Kirschen', 'Gugelhupf', 'Rührkuchen', 'Gebäck', 'rezepte']
Culinaria Ungaria: Haferkekse, für den hektischen Alltag;http://culinariaungaria.blogspot.de/2014/04/haferkekse-fur-den-hektischen-alltag.html;culinariaungaria.blogspot.de;April 06, 2014;['rezepte', 'haferflocken', 'gesund', 'schokolade', 'Kekse', 'Gebäck']
Giraffe;http://giveupgetdropped.tumblr.com/post/81291745825;giveupgetdropped.tumblr.com;April 04, 2014;['Zeichenvorlagen', 'Tumblr']
Kleiner Fuchs;http://25.media.tumblr.com/e54ab90a658c3c4ee90f0de3330891ea/tumblr_mr5vbjd10m1sujpzlo1_r98_500.jpg;25.media.tumblr.com;April 04, 2014;['Zeichenvorlagen', 'Tumblr']
Kartoffelsalat mit Dillmayonnaise | Kitchenroyal;http://kitchenroyal.de/kartoffelsalat-mit-dillmayonnaise/;kitchenroyal.de;April 02, 2014;['rezepte', 'Kartoffeln', 'Salat', 'Herzhaftes']
Delighted Momma: Salted Almond Butter Chocolate Chip Cookies (Paleo);http://www.delightedmomma.com/2013/08/salted-almond-butter-chocolate-chip.html;www.delightedmomma.com;March 26, 2014;['rezepte', 'Gebäck', 'Kekse', 'schokolade', 'Erdnussbutter', 'Low Carb']
Delighted Momma: Lemon Bars (Paleo);http://www.delightedmomma.com/2013/03/lemon-bars-paleo.html;www.delightedmomma.com;March 26, 2014;['zitrone', 'Gebäck', 'rezepte', 'Low Carb']
Peanut Butter and Jelly Thumbprint Cookies;http://thesmartcookieblog.com/peanut-butter-and-jelly-thumbprint-cookies/;thesmartcookieblog.com;March 24, 2014;['rezepte', 'Kekse', 'Gebäck', 'Erdnussbutter', 'Low Carb']
Selbstgemachte, gesunde Oreo Kekse – Healthy Oreo Cookies;http://www.mymirrorworld.com/2014/02/rezept-selbstgemachte-oreos/;www.mymirrorworld.com;March 24, 2014;['rezepte', 'Gebäck', 'Kekse', 'Low Carb', 'Banane', 'schokolade']
Zitronengugelhupf;http://karensbackwahn.blogspot.de/2014/03/zitrone-1-zitrusfrucht-2-rezepte.html;karensbackwahn.blogspot.de;March 24, 2014;['rezepte', 'zitrone', 'Gebäck', 'Rührkuchen']
Almond Energy Bars;http://carrotsncake.com/2014/03/almond-energy-bars.html;carrotsncake.com;March 12, 2014;['rezepte', 'Gebäck', 'Müsli', 'nüsse', 'Mandeln', 'haferflocken']
Schuhregal Schuhablage Regal Bambus Sitzbank 70 x 28 x 45cm LBS04N: Amazon.de: K...;http://www.amazon.de/Schuhregal-Schuhablage-Bambus-Sitzbank-LBS04N/dp/B00DYQVCJA/ref=wl_it_dp_o_pC_nS_nC?ie=UTF8&colid=1C2UVHDW3YWXC&coliid=I3STJEKIHBVNJ;www.amazon.de;March 11, 2014;['Geschenke', 'Matthi']
Flourless and (almost) Sugar Free Cookies with Peanut Butter and Chocolate;http://www.kalynskitchen.com/2009/02/flourless-and-almost-sugar-free-cookies.html;www.kalynskitchen.com;February 11, 2014;['Low Carb', 'Kekse', 'schokolade', 'nüsse']
Brown Butter Chocolate Chip Hazelnut Cookie Bars;http://www.twopeasandtheirpod.com/brown-butter-chocolate-chip-hazelnut-cookie-bars/?utm_source=feedburner&utm_medium=feed&utm_campaign=Feed%3A+twopeasandtheirpod%2FrNNF+%28Two+Peas+and+Their+Pod%29;www.twopeasandtheirpod.com;February 11, 2014;['Gebäck', 'rezepte', 'schokolade', 'nüsse']
gedeckter Apfelkuchen;http://mitkinderaugen.blogspot.de/2014/01/rezept-fur-einen-gedeckten-apfelkuchen.html;mitkinderaugen.blogspot.de;January 29, 2014;['rezepte', 'Gebäck', 'Apfel']
Limetten Ingwer Thai Suppe;http://www.jolijou.com/2014/01/delicious-dishes-thai-suppe-mit-ingwer-limette/;www.jolijou.com;January 28, 2014;['rezepte', 'Suppe', 'Asia', 'Huhn']
Almondy Tarte;http://www.livelifedeeply-now.de/miss-deeply-backt-almondy-tarte/;www.livelifedeeply-now.de;January 28, 2014;['rezepte', 'Gebäck', 'Low Carb', 'nüsse']
Annas Hexenkessel: Himbeer-Buttermilch-Kuchen;http://annas-hexenkessel.blogspot.de/2014/01/himbeer-buttermilch-kuchen.html;annas-hexenkessel.blogspot.de;January 15, 2014;['rezepte', 'Gebäck', 'himbeeren', 'Buttermilch']
Teriyaki Salmon with Sriracha Cream Sauce - Damn Delicious;http://damndelicious.net/2012/05/30/teriyaki-salmon-with-sriracha-cream-sauce/;damndelicious.net;January 09, 2014;['Lachs', 'Low Carb', 'Asia', 'Chili']
Apfelringe im Zimt Buttermilch Pfannkuchen;http://zuckerzimtundliebe.wordpress.com/2014/01/05/apfelringe-im-buttermilch-zimtpfannkuchen-edeka-mit-liebe-rezept-foodblog-applerings-pancake-edeka-mitliebe/;zuckerzimtundliebe.wordpress.com;January 05, 2014;['rezepte', 'Apfel', 'Buttermilch', 'Dessert']
http://smittenkitchen.com/blog/2013/12/gingerbread-snacking-cake/;http://smittenkitchen.com/blog/2013/12/gingerbread-snacking-cake/;smittenkitchen.com;December 23, 2013;['rezepte', 'Gebäck', 'weihnachten']
{sweet life} Adventstee mit Weihnachtscantuccini | Sonnensofie;http://sonnensofie.wordpress.com/2013/12/01/weihnachtscantuccini/;sonnensofie.wordpress.com;December 23, 2013;['rezepte', 'Gebäck', 'Kekse', 'weihnachten']
Beauty Butterflies: [Christmas] Lebkuchen-Schnitten mit Baiser;http://www.beautybutterflies.de/2013/12/christmas-lebkuchen-schnitten-mit-baiser.html;www.beautybutterflies.de;December 23, 2013;['rezepte', 'Gebäck', 'weihnachten']
Die himmlischen Gewinner-Plätzchen! | Since We Met;http://www.since-we-met.com/2013/12/die-himmlischen-gewinner-platzchen.html;www.since-we-met.com;December 20, 2013;['rezepte', 'Gebäck', 'weihnachten', 'Kekse']
Kleiner Kuriositätenladen: Coffee Toffee;http://www.kuriositaetenladen.com/2013/12/coffee-toffee.html;www.kuriositaetenladen.com;December 13, 2013;['rezepte', 'schokolade', 'karamell', 'Pralinen']
Schokolade-Kardamom-Panna cotta | Löffelchen voll Zucker;http://loeffelchenvollzucker.wordpress.com/2013/12/05/schokolade-kardamom-panna-cotta/;loeffelchenvollzucker.wordpress.com;December 13, 2013;['Dessert', 'schokolade', 'rezepte']
ideenreich: Ein Weihnachtsduft liegt in der Luft!;http://meinideenreich.blogspot.de/2013/12/ein-weihnachtsduft-liegt-in-der-luft.html;meinideenreich.blogspot.de;December 09, 2013;['rezepte', 'Gebäck', 'weihnachten', 'marmelade']
Schokoladentrüffel;http://thepioneerwoman.com/cooking/2009/10/chocolate-truffles-with-sea-salt/;thepioneerwoman.com;December 03, 2013;['rezepte', 'Pralinen']
Molasse-Gewürz Kekse;http://thepioneerwoman.com/cooking/2008/12/spicy-molasses-cookies-seriously-delicious/;thepioneerwoman.com;December 03, 2013;['rezepte', 'Gebäck', 'Kekse', 'weihnachten']
Fitness Lebkuchen;http://fitness-dessert.de/fitness-lebkuchen/;fitness-dessert.de;December 03, 2013;['rezepte', 'Gebäck', 'weihnachten', 'Low Carb']
Rentier Küchlein;http://missxtravaganz.blogspot.de/2013/12/bloggeraktion-bloggin-around-christmas.html;missxtravaganz.blogspot.de;December 02, 2013;['rezepte', 'Gebäck', 'weihnachten']
Kleiner Kuriositätenladen: Schokobretzel;http://www.kuriositaetenladen.com/2013/11/schokobretzel.html;www.kuriositaetenladen.com;November 29, 2013;['rezepte', 'Gebäck', 'schokolade', 'Kekse']
De gustibus non est disputandum – die Historie des Spekulatius. |    kuchenkram.;http://kuchenkram.com/?p=503;kuchenkram.com;November 22, 2013;['Gebäck', 'rezepte', 'Kekse', 'weihnachten']
http://www.kuriositaetenladen.com/2013/11/cidre-karamellen.html;http://www.kuriositaetenladen.com/2013/11/cidre-karamellen.html;www.kuriositaetenladen.com;November 20, 2013;['rezepte', 'Pralinen', 'karamell']
http://kuechenzaubereien.blogspot.de/2013/11/apfel-brownies-muffins-mit-zimt.htm...;http://kuechenzaubereien.blogspot.de/2013/11/apfel-brownies-muffins-mit-zimt.html;kuechenzaubereien.blogspot.de;November 20, 2013;['rezepte', 'Muffins', 'schokolade', 'Winter', 'Gebäck']
http://kruemelkreationen.blogspot.de/2013/11/bratpfelkuchen-mit-vanillesahnecrem...;http://kruemelkreationen.blogspot.de/2013/11/bratpfelkuchen-mit-vanillesahnecreme.html;kruemelkreationen.blogspot.de;November 10, 2013;['Apfel', 'Gebäck', 'rezepte', 'Pudding']
http://www.beautybutterflies.de/2013/11/united-plates-of-america-leek-soup.html;http://www.beautybutterflies.de/2013/11/united-plates-of-america-leek-soup.html;www.beautybutterflies.de;November 08, 2013;['Gorgonzola', 'hauptgerichte', 'Suppe', 'rezepte', 'Lauch']
http://kuechenzaubereien.blogspot.de/2013/10/pflaumenknodel-mit-zimt-zucker.html;http://kuechenzaubereien.blogspot.de/2013/10/pflaumenknodel-mit-zimt-zucker.html;kuechenzaubereien.blogspot.de;November 08, 2013;['hauptgerichte', 'Pflaumen', 'rezepte']
Latte Macchiato Marmorkuchen Gugelhupf und zwei Worte: Marmorkuchen ist immer no...;http://zuckerzimtundliebe.wordpress.com/2013/11/03/latte-macchiato-marmorkuchen-gugelhupf-und-zwei-worte-marmorkuchen-ist-immer-noch-sexy/;zuckerzimtundliebe.wordpress.com;November 05, 2013;['Rührkuchen', 'schokolade', 'Gebäck', 'rezepte']
http://lafer.rezepte.msn.de/Kuerbis_Gnocchi_in_Salbei_Speck_Butter.Rezepte;http://lafer.rezepte.msn.de/Kuerbis_Gnocchi_in_Salbei_Speck_Butter.Rezepte;lafer.rezepte.msn.de;November 05, 2013;['hauptgerichte', 'Gnocchi', 'Kürbis']
http://nikesherztanzt.wordpress.com/2012/03/25/marmorpuffer-mit-doppelt-kokos/;http://nikesherztanzt.wordpress.com/2012/03/25/marmorpuffer-mit-doppelt-kokos/;nikesherztanzt.wordpress.com;November 03, 2013;['schokolade', 'Gebäck', 'rezepte', 'Kokos']
Krümelkreationen: Oreo-Käsekuchen mit Erdbeer-Spiegel;http://www.kruemelkreationen.blogspot.de/2013/08/oreo-kasekuchen-mit-erdbeer-spiegel.html;www.kruemelkreationen.blogspot.de;November 02, 2013;['erdbeeren', 'käsekuchen', 'Gebäck', 'rezepte']
http://www.lecker.de/rezept/796851/Gedeckter-Quittenkuchen.html;http://www.lecker.de/rezept/796851/Gedeckter-Quittenkuchen.html;www.lecker.de;October 27, 2013;['gebäck', 'rezepte', 'quitte']
Quittenkuchen (Rezept mit Bild) von SHanai | Chefkoch.de;http://www.chefkoch.de/rezepte/1711421279978335/Quittenkuchen.html;www.chefkoch.de;October 27, 2013;['gebäck', 'Streusel', 'rezepte', 'Quitte']
http://berlinerkueche.blogspot.de/2013/10/kurbis-frischkase-muffins-mit.html;http://berlinerkueche.blogspot.de/2013/10/kurbis-frischkase-muffins-mit.html;berlinerkueche.blogspot.de;October 27, 2013;['gebäck', 'Muffins', 'rezepte', 'Kürbis']
apple slab pie | smitten kitchen;http://smittenkitchen.com/blog/2013/10/apple-slab-pie/;smittenkitchen.com;October 26, 2013;['gebäck', 'Apfel', 'rezepte']
http://kuechenzaubereien.blogspot.de/2013/10/grieauflauf-mit-quark-und-beeren.ht...;http://kuechenzaubereien.blogspot.de/2013/10/grieauflauf-mit-quark-und-beeren.html;kuechenzaubereien.blogspot.de;October 22, 2013;['himbeeren', 'hauptgerichte', 'rezepte', 'Auflauf']
Pumpkin Cinnamon Rolls | The Pioneer Woman Cooks | Ree Drummond;http://thepioneerwoman.com/cooking/2013/10/pumpkin-cinnamon-rolls/;thepioneerwoman.com;October 21, 2013;['Hefe', 'gebäck', 'rezepte', 'Kürbis']
http://kuechenzaubereien.blogspot.de/2013/10/schokoladige-baileys-pralinen.html;http://kuechenzaubereien.blogspot.de/2013/10/schokoladige-baileys-pralinen.html;kuechenzaubereien.blogspot.de;October 21, 2013;['rezepte', 'Alkohol', 'Pralinen']
http://zuckerzimtundliebe.wordpress.com/2013/10/13/new-york-chai-cheesecake/;http://zuckerzimtundliebe.wordpress.com/2013/10/13/new-york-chai-cheesecake/;zuckerzimtundliebe.wordpress.com;October 13, 2013;['gebäck', 'käsekuchen', 'rezepte', 'weihnachten']
http://www.catliciousgoesnatural.de/2012/03/geburtstagskuchen-zum-100-post.html;http://www.catliciousgoesnatural.de/2012/03/geburtstagskuchen-zum-100-post.html;www.catliciousgoesnatural.de;October 12, 2013;['gebäck', 'Apfel']
http://www.whatinaloves.com/2013/03/delicious-day-healthy-bounty.html;http://www.whatinaloves.com/2013/03/delicious-day-healthy-bounty.html;www.whatinaloves.com;October 09, 2013;['schokolade', 'rezepte', 'Kokos']
http://fitnessista.com/2013/10/black-forest-paleo-brownies/;http://fitnessista.com/2013/10/black-forest-paleo-brownies/;fitnessista.com;October 09, 2013;['Kirschen', 'schokolade', 'rezepte', 'Low Carb']
Oreo Torte;http://fourfairies.blogspot.de/2013/09/scatters-sonntagsbackerei-oreo.html;fourfairies.blogspot.de;September 29, 2013;['gebäck', 'schokolade', 'käsekuchen', 'rezepte']
http://karensbackwahn.blogspot.de/2013/09/rugalach.html;http://karensbackwahn.blogspot.de/2013/09/rugalach.html;karensbackwahn.blogspot.de;September 24, 2013;['gebäck', 'schokolade', 'rezepte', 'nüsse']
http://thepioneerwoman.com/cooking/2010/11/pumpkin-cream-pie/;http://thepioneerwoman.com/cooking/2010/11/pumpkin-cream-pie/;thepioneerwoman.com;September 21, 2013;['gebäck', 'rezepte', 'Kürbis', 'Pudding']
http://kruemelkreationen.blogspot.de/2013/02/pull-apart-brot-mit-pesto-rosso.htm...;http://kruemelkreationen.blogspot.de/2013/02/pull-apart-brot-mit-pesto-rosso.html;kruemelkreationen.blogspot.de;September 14, 2013;['Tomaten', 'gebäck', 'Brot', 'rezepte', 'Pesto']
http://veganesnom.wordpress.com/2012/04/01/peanut-butter-chocolate-chip-cookies-...;http://veganesnom.wordpress.com/2012/04/01/peanut-butter-chocolate-chip-cookies-12/;veganesnom.wordpress.com;September 13, 2013;['gebäck', 'Kekse', 'schokolade', 'rezepte', 'Erdnussbutter']
http://kruemelkreationen.blogspot.de/2013/09/zartbitter-schokokekse-und-der-ort-...;http://kruemelkreationen.blogspot.de/2013/09/zartbitter-schokokekse-und-der-ort-dem.html;kruemelkreationen.blogspot.de;September 13, 2013;['gebäck', 'Kekse', 'schokolade', 'rezepte']
http://zuckerzimtundliebe.wordpress.com/2013/09/08/susse-kurbiswaffeln-meine-kle...;http://zuckerzimtundliebe.wordpress.com/2013/09/08/susse-kurbiswaffeln-meine-kleine-zimtige-herbstanfangsfreude/;zuckerzimtundliebe.wordpress.com;September 11, 2013;['gebäck', 'Waffeln', 'rezepte', 'Kürbis']
http://www.bbc.co.uk/food/recipes/shortbread_1290;http://www.bbc.co.uk/food/recipes/shortbread_1290;www.bbc.co.uk;September 10, 2013;['gebäck', 'Kekse', 'Shortbread', 'rezepte']
Zitronen-Mohn-Käsekuchen;http://www.whatinaloves.com/2013/09/nachgekocht-auf-ein-stuck-zitronen-mohn.html;www.whatinaloves.com;September 08, 2013;['Rezepte', 'gebäck', 'Käsekuchen', 'zitrone', 'mohn']
http://karensbackwahn.blogspot.de/2013/08/gastbeitrag-birne-im-schokomantel.html;http://karensbackwahn.blogspot.de/2013/08/gastbeitrag-birne-im-schokomantel.html;karensbackwahn.blogspot.de;September 06, 2013;['gebäck', 'Birne', 'schokolade', 'rezepte']
http://kuechenzaubereien.blogspot.de/2013/08/apfelkuchle-mit-zimtquark.html;http://kuechenzaubereien.blogspot.de/2013/08/apfelkuchle-mit-zimtquark.html;kuechenzaubereien.blogspot.de;September 06, 2013;['gebäck', 'Apfel', 'rezepte']
http://www.shelikes.de/2013/08/orientalische-hack-kichererbsen-pfanne.html;http://www.shelikes.de/2013/08/orientalische-hack-kichererbsen-pfanne.html;www.shelikes.de;August 23, 2013;['hauptgerichte', 'Hack', 'rezepte']
http://smittenkitchen.com/blog/2013/08/almond-crisped-peaches-uk-book-tour/;http://smittenkitchen.com/blog/2013/08/almond-crisped-peaches-uk-book-tour/;smittenkitchen.com;August 23, 2013;['Mandeln', 'rezepte', 'Dessert', 'pfirsich']
Johannisbeer Streuselkuchen;http://www.kochbar.de/rezept/205868/Blech-Johannisbeer-Quark-Streuselkuchen.html;www.kochbar.de;August 22, 2013;['gebäck', 'Johannisbeeren', 'rezepte', 'Blechkuchen']
http://www.shelikes.de/2013/08/rucki-zucki-feurige-gyros-suppe-lowcarb.html;http://www.shelikes.de/2013/08/rucki-zucki-feurige-gyros-suppe-lowcarb.html;www.shelikes.de;August 22, 2013;['Pilze', 'hauptgerichte', 'Gyros', 'rezepte', 'Suppe', 'Low Carb']
Pfirsich-Pie.;http://kuchenkram.com/?p=475;kuchenkram.com;August 15, 2013;['rezepte', 'gebäck', 'pfirsich']
Tarte Robuchon | Kleiner Kuriositätenladen;http://www.kuriositaetenladen.com/2010/05/tarte-robuchon.html;www.kuriositaetenladen.com;August 13, 2013;['rezepte', 'schokolade', 'gebäck', 'Tarte']
Linzer Augen;http://meinideenreich.blogspot.de/2013/05/aus-opas-backstube.html;meinideenreich.blogspot.de;August 12, 2013;['rezepte', 'gebäck', 'Kekse']
Doppelter Käsekuchen;http://www.kalterkaffee.at/2013/08/mmmittwochsrezept-doppelter-kasekuchen.html?utm_source=feedburner&utm_medium=feed&utm_campaign=Feed%3A+KalterKaffee+%28Kalter+Kaffee%29;www.kalterkaffee.at;August 08, 2013;['rezepte', 'gebäck', 'käsekuchen', 'sch']
Sommerliche Gazpacho mit Feta;http://www.whatinaloves.com/2013/07/soup-of-week-sommerliche-gazpacho-mit.html;www.whatinaloves.com;July 26, 2013;['rezepte', 'Suppe', 'hauptgerichte']
Walnuss-Ziegenkäse-Biscuits;http://kruemelkreationen.blogspot.de/2013/07/walnuss-ziegenkase-biscuits.html;kruemelkreationen.blogspot.de;July 23, 2013;['gebäck', 'rezepte']
[ekiem]: Foto D.I.Y. Origami Lämpchen;http://www.ekiem.de/2011/11/foto-diy-origami-lampchen.html;www.ekiem.de;July 23, 2013;[]
Mehlfreie Kirschkuchen-Proteinbombe;http://www.wien-mitte.co.at/2013/07/mehlfreie-kirschkuchen-proteinbombe.html;www.wien-mitte.co.at;July 10, 2013;['gebäck', 'rezepte', 'schokolade', 'Kirschen', 'fettness']
Schneller Schoko-Bananen-Mikrowellen-Kuchen;http://emily-van-der-hell.blogspot.de/2012/11/rezept-schneller-schoko-bananen.html;emily-van-der-hell.blogspot.de;July 02, 2013;['gebäck', 'schokolade', 'haferflocken']
Mandel-Zitronen-Kuchen [GatoÓ de almendra];http://berlinerkueche.blogspot.de/2013/06/mandel-zitronen-kuchen-gato-de-almendra.html;berlinerkueche.blogspot.de;June 22, 2013;['rezepte', 'gebäck', 'zitrone', 'Mandeln']
Buttermilch-Kokos-Kuchen;http://lillysluckyadventures.blogspot.de/2013/05/sweets-buttermilch-kokos-kuchen-ein.html;lillysluckyadventures.blogspot.de;June 18, 2013;['buttermilch', 'rezepte', 'Kokos', 'gebäck']
Eros & Psyche: Shape it! - Fitness Videos;http://www.eros-and-psyche.com/2013/05/shape-it-fitness-videos.html;www.eros-and-psyche.com;June 10, 2013;['fettness']
Lauwarmer Kartoffelsalat mit Essig & Öl;http://berlinerkueche.blogspot.de/2013/06/lauwarmer-kartoffelsalat-mit-essig-ol.html;berlinerkueche.blogspot.de;June 10, 2013;['rezepte', 'Kartoffeln', 'Salat']
Butterbrottorte;http://www.kuriositaetenladen.com/2013/06/schwedenwoche-tag-6-smorgastarta.html;www.kuriositaetenladen.com;June 09, 2013;['rezepte', 'gebäck', 'Torte', 'kleiner kuriositätenladen', 'hauptgerichte']
Coconut Cream Tarts;http://www.aprettylifeinthesuburbs.com/2013/05/coconut-cream-tarts.html;www.aprettylifeinthesuburbs.com;May 30, 2013;['rezepte', 'Kokos', 'gebäck', 'Pudding']
Ofen-Polenta mit gebratenem Gemüse;http://kuechenzaubereien.blogspot.de/2013/05/ofen-polenta-mit-gebratenem-gemuse.html;kuechenzaubereien.blogspot.de;May 17, 2013;['rezepte', 'hauptgerichte', 'Zucchini']
Citrus Butter Cookies;http://thepioneerwoman.com/cooking/2011/10/citrus-butter-cookies/;thepioneerwoman.com;May 09, 2013;['rezepte', 'gebäck', 'Kekse', 'zitrone']
POP Pilates: Bikini Bootcamp - YouTube;http://www.youtube.com/watch?v=4FbDOoOO2cY;www.youtube.com;May 07, 2013;[]
Spicy Broccoli-Jicama Salad with Red Bell Pepper and Black Sesame Seeds;http://www.kalynskitchen.com/2011/04/recipe-for-spicy-broccoli-jicama-salad.html;www.kalynskitchen.com;May 01, 2013;['rezepte', 'hauptgerichte', 'Salat', 'brokkoli']
Kleine, feine Zitronenküchlein, fruchtig & frisch!;http://meinideenreich.blogspot.de/2013/04/kleine-feine-zitronenkuchlein-fruchtig.html?utm_source=feedly;meinideenreich.blogspot.de;April 26, 2013;['rezepte', 'gebäck', 'Rührkuchen', 'zitrone']
One Minute Bread;http://ginnyslowcarbkitchen.blogspot.de/2010/10/one-minute-bread.html#comment-form;ginnyslowcarbkitchen.blogspot.de;April 15, 2013;['rezepte', 'gebäck', 'Brot', 'LC']
Soulfood LowCarberia: LowCarb Pizza - Blumenkohlteig;http://soulfoodlowcarberia.blogspot.de/2012/02/lowcarb-pizza-blumenkohlteig.html;soulfoodlowcarberia.blogspot.de;April 15, 2013;['rezepte', 'hauptgerichte', 'pizza', 'LC']
Omas Lebkuchen - ein sehr altes Rezept!;http://www.chefkoch.de/rezepte/475661141469070/Omas-Lebkuchen-ein-sehr-altes-Rezept.html;www.chefkoch.de;April 10, 2013;['rezepte', 'gebäck', 'weihnachten']
Marmorkuchen nach Frieda - klassische Art;http://www.chefkoch.de/rezepte/504411145461802/Marmorkuchen-nach-Frieda-klassische-Art.html;www.chefkoch.de;April 10, 2013;['rezepte', 'Rührkuchen', 'schokolade']
Krümelkreationen: Saftige Brownies mit rotem Pfeffer;http://kruemelkreationen.blogspot.de/2013/04/saftige-brownies-mit-rotem-pfeffer.html;kruemelkreationen.blogspot.de;April 08, 2013;['Brownies', 'schokolade', 'Roter Pfeffer']
Pizza Potato Skins;http://thepioneerwoman.com/cooking/2013/04/pizza-potato-skins/?utm_source=feedburner&utm_medium=feed&utm_campaign=Feed:+pwcooks+(The+Pioneer+Woman+Cooks!);thepioneerwoman.com;April 07, 2013;['rezepte', 'hauptgerichte', 'Kartoffeln', 'Käse']
Buttermilchkuchen mit Dosenfrüchten;http://kuchenkram.com/?p=387#more-387;kuchenkram.com;March 30, 2013;['gebäck', 'rezepte', 'schnell', 'Kokos']
Cream Cheese Pound Cake with Almond Glaze;http://www.afarmgirlsdabbles.com/2013/03/29/jessicas-cream-cheese-pound-cake-with-almond-glaze-recipe/;www.afarmgirlsdabbles.com;March 30, 2013;['gebäck', 'Rührkuchen', 'rezepte']
Bluebacardis: die besten Schokomuffins der Welt!;http://bluebacardiswelt.blogspot.de/2013/03/rezept-die-besten-schokomuffins-der-welt.html;bluebacardiswelt.blogspot.de;March 24, 2013;['gebäck', 'schokolade', 'Muffins', 'rezepte']
bakewell tart;http://smittenkitchen.com/blog/2010/03/bakewell-tart/;smittenkitchen.com;March 24, 2013;['gebäck', 'rezepte', 'Nuss']
Himbeer-Cupcakes mit saurer Sahne;http://kruemelkreationen.blogspot.de/2013/03/die-weltbesten-himbeer-housewarming.html;kruemelkreationen.blogspot.de;March 24, 2013;['himbeeren', 'gebäck', 'Muffins', 'rezepte']
chocolate-hazelnut macaroon torte;http://smittenkitchen.com/blog/2013/03/chocolate-hazelnut-macaroon-torte/#more-9858;smittenkitchen.com;March 23, 2013;['gebäck', 'Torte', 'schokolade', 'rezepte', 'Nuss']
Haselnuss-Schoko Kuchen;http://www.chocolate-bit.ch/2013/03/leckermaulchen-14-mickey-mouse-kuchen.html?utm_source=feedburner&utm_medium=feed&utm_campaign=Feed%3A+GiveTheBitchHerChocolate+%28Give+the+Bitch+her+Chocolate%29;www.chocolate-bit.ch;March 22, 2013;['gebäck', 'Rührkuchen', 'schokolade', 'rezepte']
bloomin' brilliant brownies;http://www.jamieoliver.com/recipes/chocolate-recipes/bloomin-brilliant-brownies;www.jamieoliver.com;March 17, 2013;['Brownies', 'gebäck', 'schokolade', 'rezepte']
Rote Beete Risotto mit Meerrettich und karamellisierten Pinienkernen;http://www.reinetopfsache.de/rezept/rote-beete-risotto-meerrettich-karamellisierte-pinienkerne/;www.reinetopfsache.de;March 17, 2013;['hauptgerichte', 'Risotto', 'rezepte', 'Rote Beete']
No-Knead-Bread – Unglaubliches Brot, ganz einfach!;http://www.reinetopfsache.de/rezept/no-knead-bread-brot-einfach/;www.reinetopfsache.de;March 14, 2013;['gebäck', 'Brot', 'rezepte']
Schokoladentarte mit Granatapfel;http://kruemelkreationen.blogspot.de/2013/03/schokoladentarte-mit-granatapfel.html;kruemelkreationen.blogspot.de;March 13, 2013;['gebäck', 'Torte', 'schokolade', 'rezepte']
my favorite buttermilk biscuits;http://smittenkitchen.com/blog/2013/03/my-favorite-buttermilk-biscuits/?utm_source=feedburner&utm_medium=feed&utm_campaign=Feed%3A+smittenkitchen+%28smitten+kitchen%29;smittenkitchen.com;March 13, 2013;['gebäck', 'rezepte']
Mohn-Topfen-Torte;http://www.finisfeinstes.at/html/index.aspx?Rezeptdatenbank_catfilter=del&s=topfen%20mohn&view=detail&detail=50&mid=345&cat=345&hl=Mohn-Topfen-Torte&page_url=Rezepte;www.finisfeinstes.at;March 12, 2013;['himbeeren', 'gebäck', 'Torte', 'rezepte']
Leichter Eiaufstrich;http://www.coralandmauve.at/2013/03/leichter-eiaufstrich.html;www.coralandmauve.at;March 07, 2013;['Aufstrich', 'Ei', 'rezepte']
Thunfisch Sandwich;http://www.reinetopfsache.de/rezept/thunfisch-sandwich-tuna-sandwich/;www.reinetopfsache.de;March 05, 2013;['Sandwich', 'hauptgerichte', 'rezepte']
Napfkuchen mit weißer Schokolade;http://www.kuriositaetenladen.com/2013/02/napfkuchen-mit-weier-schokolade.html;www.kuriositaetenladen.com;March 05, 2013;['gebäck', 'schokolade', 'rezepte']
Chocolate-Cheesecakemuffins;http://www.magnoliaelectric.net/2012/06/yyy-yummy-friday-garden-party-greengate.html;www.magnoliaelectric.net;March 05, 2013;['gebäck', 'schokolade', 'käsekuchen', 'Muffins', 'rezepte']
Coconut Honey Granola;http://www.aprettylifeinthesuburbs.com/2013/02/coconut-honey-granola.html?utm_source=feedburner&utm_medium=feed&utm_campaign=Feed%3A+APrettyLifeInTheSuburbs+%28A+Pretty+Life+in+the+Suburbs%29;www.aprettylifeinthesuburbs.com;February 28, 2013;['rezepte', 'frühstück', 'Müsli']
Schwarzwälder-Kirsch-Gugelhupf;http://cakeinvasion.de/schwarzwalder-kirsch-gugelhupf/;cakeinvasion.de;February 26, 2013;['Kirschen', 'gebäck', 'schokolade', 'rezepte']
Klassiker: Waffeln;http://cakeinvasion.de/klassiker-waffeln/;cakeinvasion.de;February 26, 2013;['gebäck', 'Waffeln', 'rezepte']
Saftiger Schokokuchen;http://cakeinvasion.de/saftiger-schokokuchen-vegan-laktosefrei/;cakeinvasion.de;February 26, 2013;['gebäck', 'schokolade', 'rezepte']
Grundrezept & Variationen: Deutsche Buttercreme;http://cakeinvasion.de/deutsche-buttercreme/;cakeinvasion.de;February 26, 2013;['gebäck', 'Torte', 'rezepte']
Nussecken;http://cakeinvasion.de/nussecken/;cakeinvasion.de;February 26, 2013;['gebäck', 'schokolade', 'rezepte', 'Nuss']
Pumpkin Molasses Sandwich Cookies;http://www.mybakingaddiction.com/pumpkin-molasses-sandwich-cookies/;www.mybakingaddiction.com;February 20, 2013;['gebäck', 'Kekse', 'rezepte', 'Kürbis']
toasted coconut shortbread;http://smittenkitchen.com/blog/2009/02/toasted-coconut-shortbread/;smittenkitchen.com;February 20, 2013;['gebäck', 'Kekse', 'rezepte', 'Kokos']
italian stuffed cabbage;http://smittenkitchen.com/blog/2013/02/italian-stuffed-cabbage/?utm_source=feedburner&utm_medium=feed&utm_campaign=Feed%3A+smittenkitchen+%28smitten+kitchen%29;smittenkitchen.com;February 19, 2013;['Tomaten', 'hauptgerichte', 'Hack', 'rezepte']
Sweet and Creamy Tomato Bisque;http://www.afarmgirlsdabbles.com/2013/02/13/sweet-and-creamy-tomato-bisque-recipe/;www.afarmgirlsdabbles.com;February 15, 2013;['Tomaten', 'hauptgerichte', 'Suppe', 'rezepte']
Flammkuchen;http://aentschie.blogspot.de/2012/09/flammkuchen.html;aentschie.blogspot.de;February 14, 2013;['hauptgerichte', 'Käse', 'rezepte']
Lachs mit Pesto |;http://www.pinkysally.de/2013/02/kochen-mit-caro-lachs-mit-pesto/;www.pinkysally.de;February 13, 2013;['Bohnen', 'Huhn', 'hauptgerichte', 'rezepte', 'Lachs', 'Pesto']
Baked Eggs with Mushrooms and Parmesan;http://www.kalynskitchen.com/2013/02/baked-eggs-mushrooms-parmesan.html;www.kalynskitchen.com;February 13, 2013;['Pilze', 'hauptgerichte', 'Ei', 'rezepte']
Saftigster Mandelkuchen;http://zuckerzimtundliebe.wordpress.com/2013/02/10/schwedischermandelkuchen/;zuckerzimtundliebe.wordpress.com;February 10, 2013;['gebäck', 'Mandeln', 'rezepte']
Tarte au citron [Zitronentarte];http://berlinerkueche.blogspot.de/2013/02/tarte-au-citron-zitronentarte.html;berlinerkueche.blogspot.de;February 10, 2013;['gebäck', 'zitrone', 'hauptgerichte', 'Tarte', 'rezepte']
Fudgy Brownie Hearts with Fresh Raspberry Buttercream;http://www.afarmgirlsdabbles.com/2012/01/20/fudgy-brownie-hearts-with-fresh-raspberry-buttercream/;www.afarmgirlsdabbles.com;February 06, 2013;['Brownies', 'himbeeren', 'gebäck', 'schokolade', 'rezepte']
Couscous Salat;http://glanzumstroemt.blogspot.de/2013/02/aromatisch.html?utm_source=feedburner&utm_medium=feed&utm_campaign=Feed:+Glanzumstroemt+(Glanzumstr%C3%B6mt);glanzumstroemt.blogspot.de;February 05, 2013;['Huhn', 'hauptgerichte', 'Käse', 'Salat', 'rezepte']
Käse-Knödel mit frischem Rahm-Spinat;http://culinariaungaria.blogspot.de/2013/02/kase-knodel-mit-frischem-rahm-spinat.html;culinariaungaria.blogspot.de;February 05, 2013;['hauptgerichte', 'Käse', 'Spinat', 'rezepte']
Gefüllte Zucchiniröllchen;http://www.hearttobreathe.com/2012/04/rezept-gefullte-zucchinirollchen.html;www.hearttobreathe.com;February 04, 2013;['Zucchini', 'rezepte', 'Schinken']
Pasta mit Tomaten-Sahne-Sauce und Huhn;http://www.reinetopfsache.de/?p=3530;www.reinetopfsache.de;February 03, 2013;['hauptgerichte', 'Huhn', 'rezepte', 'Pasta']
leben, labern...: "granola", DAMN.;http://fruchtbuttermilch.blogspot.de/2013/01/granola-damn.html;fruchtbuttermilch.blogspot.de;January 28, 2013;['haferflocken', 'rezepte', 'frühstück']
Karamellisierte Haferkekse;http://www.kuriositaetenladen.com/2009/11/karamellisierte-haferflocken.html;www.kuriositaetenladen.com;January 27, 2013;['Rezepte', 'Gebäck', 'Kekse', 'haferflocken']
Amaretto Lebkuchen;http://lifeofsumisuu.blogspot.de/2012/12/amaretto-lebkuchen.html#comment-form;lifeofsumisuu.blogspot.de;January 27, 2013;['gebäck', 'schokolade', 'rezepte', 'weihnachten']
 Vanille-Mohn-Pflaumen-Gugl oder auch "Germknödel-Gugl";http://kruemelkreationen.blogspot.de/2013/01/vanille-mohn-pflaumen-gugl-oder-auch.html;kruemelkreationen.blogspot.de;January 26, 2013;['gebäck', 'rezepte', 'mohn']
Coconut Lemon Squares;http://www.mybakingaddiction.com/guest-post-coconut-lemon-squares/;www.mybakingaddiction.com;January 24, 2013;['gebäck', 'zitrone', 'rezepte']
Pavlova mit Sahne und Beeren;http://kruemelkreationen.blogspot.de/2013/01/pavlova-mit-sahne-und-beeren.html;kruemelkreationen.blogspot.de;January 23, 2013;['gebäck', 'sahne', 'rezepte']
 Gnocchi mit Brokkoli;http://www.chocolate-bit.ch/2013/01/leckermaulchen-12-gnocchi-mit-brokkoli.html?utm_source=feedburner&utm_medium=feed&utm_campaign=Feed%3A+GiveTheBitchHerChocolate+%28Give+the+Bitch+her+Chocolate%29;www.chocolate-bit.ch;January 23, 2013;['hauptgerichte', 'Gnocchi', 'rezepte', 'brokkoli']
Erdbeer-Käsekuchen ohne Boden;http://www.reinetopfsache.de/?p=3518;www.reinetopfsache.de;January 23, 2013;['gebäck', 'käsekuchen', 'rezepte']
Tomaten-Oliven-Muffins mit Rosmarin;http://kruemelkreationen.blogspot.de/2013/01/tomaten-oliven-muffins-mit-rosmarin-ein.html;kruemelkreationen.blogspot.de;January 23, 2013;['gebäck', 'rezepte']
I Want to Marry You Cookies.;http://buddingbaketress.blogspot.de/2012/05/i-want-to-marry-you-cookies.html;buddingbaketress.blogspot.de;January 10, 2013;['Gebäck', 'Schokolade', 'Kekse', 'Rezepte']
Ponte Carlo;https://plus.google.com/105023753061007614860/about?gl=US&hl=en;plus.google.com;January 06, 2013;['Italienisch', 'Berlin', 'Restaurants']
Swedish Meatballs;http://www.afarmgirlsdabbles.com/2013/01/04/swedish-meatballs-recipe/;www.afarmgirlsdabbles.com;January 06, 2013;['Hack', 'Rezepte', 'Hauptgerichte']
Simple Salted Caramels;http://www.inspiredtaste.net/8947/salted-caramels-recipe/;www.inspiredtaste.net;December 31, 2012;['Pralinen', 'Rezepte']
cappuccino fudge cheesecake;http://smittenkitchen.com/blog/2009/11/cappuccino-fudge-cheesecake/;smittenkitchen.com;December 30, 2012;['Käsekuchen', 'Schokolade', 'Rezepte', 'Gebäck']
Beef Stew;http://www.marthastewart.com/335974/beef-stew;www.marthastewart.com;December 30, 2012;['Rind', 'Hauptgerichte', 'Rezepte']
Chocolate Brownies (a foolproof recipe)!;http://theyummymorsel.blogspot.de/2012/01/chocolate-brownies-foolproof-recipe.html;theyummymorsel.blogspot.de;December 30, 2012;['Schokolade', 'Brownies', 'Gebäck', 'Rezepte']
S’mores Truffles;http://www.thecomfortofcooking.com/2011/12/smores-truffles.html;www.thecomfortofcooking.com;December 30, 2012;['Schokolade', 'Pralinen', 'Rezepte']
Mohn-Biskuitrolle mit Eierlikör-Mascarponefüllung;http://culinariaungaria.blogspot.de/2012/12/mohn-biskuitrolle-mit-eierlikor.html;culinariaungaria.blogspot.de;December 30, 2012;['Biskuitrolle', 'Mohn', 'Gebäck', 'Rezepte']
Parmesan Chicken;http://www.kalynskitchen.com/2005/11/parmesan-chicken.html;www.kalynskitchen.com;December 29, 2012;['Rezepte', 'Käse', 'Huhn', 'Hauptgerichte']
Sparkling White Chocolate Lemon Truffles;http://www.howsweeteats.com/2012/12/sparkly-white-chocolate-lemon-truffles/;www.howsweeteats.com;December 28, 2012;['Zitrone', 'Pralinen', 'Schokolade', 'Rezepte']
Anti-Kater-Salat;http://www.kuriositaetenladen.com/2010/12/anti-kater-salat.html;www.kuriositaetenladen.com;December 27, 2012;['Kleiner Kuriositätenladen', 'Fisch', 'Rote Beete', 'Kartoffeln', 'Rezepte', 'Salat']
Kartoffelgratin;http://meetme-inthekitchen.blogspot.de/2012/09/basics-kartoffelgratin.html;meetme-inthekitchen.blogspot.de;December 27, 2012;['Käse', 'Kartoffeln', 'Hauptgerichte', 'Rezepte']
Lebkuchenherzen;http://food2droolover.blog.de/2012/12/06/lebkuchenherzen-15288981/;food2droolover.blog.de;December 27, 2012;['Wertung: 5', 'Geschenke', 'Weihnachten', 'Gebäck', 'Rezepte']
Broccoli-Cheese Soup;http://thepioneerwoman.com/cooking/2011/11/broccoli-cheese-soup/;thepioneerwoman.com;December 27, 2012;['Käse', 'Brokkoli', 'Suppe', 'Rezepte', 'Hauptgerichte']
Schokoladen-Cantuccini mit Pistazien;http://berlinerkueche.blogspot.de/2012/12/schokoladen-cantuccini-mit-pistazien.html;berlinerkueche.blogspot.de;December 24, 2012;['Schokolade', 'Kekse', 'Gebäck', 'Rezepte']
Risotto mit Zitronen-Rosmarin-Pangrattato;http://berlinerkueche.blogspot.de/2012/12/risotto-mit-zitronen-rosmarin.html;berlinerkueche.blogspot.de;December 21, 2012;['Reis', 'Risotto', 'Hauptgerichte', 'Rezepte']
Orangenplätzchen mit Weiße-Schokolade-Cranberry-Füllung;http://berlinerkueche.blogspot.de/2012/12/orangenplatzchen-mit-cranberry-fullung.html;berlinerkueche.blogspot.de;December 17, 2012;['Schokolade', 'Kekse', 'Gebäck', 'Rezepte']
Chocolate Gateau;http://nevertoosweetforme.com/2012/07/20/happy-birthday-aden-chocolate-gateau/;nevertoosweetforme.com;December 15, 2012;['Torte', 'Schokolade', 'Gebäck', 'Rezepte']
Putengyros mit Fladenbrot & Tzatziki;http://meetme-inthekitchen.blogspot.de/2012/12/putengyros-mit-fladenbrot-tzatziki.html?utm_source=feedburner&utm_medium=feed&utm_campaign=Feed:+MeetMeInTheKitchen+(meet+Me+in+the+Kitchen);meetme-inthekitchen.blogspot.de;December 12, 2012;['Knoblauch', 'Huhn', 'Hauptgerichte', 'Rezepte']
Vanillekipferl;http://berlinerkueche.blogspot.de/2011/11/1-advent-vanillekipferl.html;berlinerkueche.blogspot.de;December 10, 2012;['Weihnachten', 'Kekse', 'Gebäck', 'Rezepte']
meet Me in the Kitchen:;http://meetme-inthekitchen.blogspot.de/2012/12/schnelle-penne-mit-spinat-cherrytomaten.html?utm_source=feedburner&utm_medium=feed&utm_campaign=Feed:+MeetMeInTheKitchen+(meet+Me+in+the+Kitchen);meetme-inthekitchen.blogspot.de;December 09, 2012;['Hauptgerichte', 'Spinat', 'Pasta', 'Rezepte']
Origami paper stars;http://pysselbolaget.se/2012/11/23/julstjarnor-i-origamiorigami-paper-stars/;pysselbolaget.se;December 08, 2012;['Stern', 'Weihnachten', 'Papier', 'Handarbeiten']
Kürbiskuchen mit Walnüssen und Cranberries;http://food2droolover.blog.de/2012/12/04/kuerbiskuchen-walnuessen-cranberries-15278403/;food2droolover.blog.de;December 07, 2012;['Kürbis', 'Gebäck', 'Rezepte']
Walnuss-Schoko Brownies;http://meinideenreich.blogspot.de/2012/10/sonntagsgru-verkundung-der-gewinnerin.html;meinideenreich.blogspot.de;December 07, 2012;['Gebäck', 'Schokolade', 'Brownies', 'Rezepte']
Chicken Egg Foo Yung with Mushrooms and Green Onions;http://www.kalynskitchen.com/2010/07/recipe-for-chicken-egg-foo-yung-with.html;www.kalynskitchen.com;December 07, 2012;['Ei', 'Low Carb', 'Hauptgerichte', 'Rezepte']
HibbyAloha: [FoodFriday + 7. Türchen] Advents-Tiramisu;http://www.hibbyaloha.de/2012/12/foodfriday-7-turchen-advents-tiramisu.html?utm_source=feedburner&utm_medium=feed&utm_campaign=Feed%3A+Hibbyaloha+%28HibbyAloha%29;www.hibbyaloha.de;December 07, 2012;['Weihnachten', 'Dessert', 'Rezepte']
Kalter Kaffee: Mmmittwochsrezept: Choco-Cherry Brownies;http://www.kalterkaffee.at/2012/11/mmmittwochsrezept-choco-cherry-brownies.html;www.kalterkaffee.at;December 03, 2012;['Schokolade', 'Kirschen', 'Brownies', 'Gebäck', 'Rezepte']
Gefüllte Schokoladen-Plätzchen;http://berlinerkueche.blogspot.de/2012/12/gefullte-schokoladen-platzchen.html;berlinerkueche.blogspot.de;December 03, 2012;['Füllung', 'Schokolade', 'Kekse', 'Gebäck', 'Rezepte']
Rote Beete Tarte mit Ziegenfrischkäse;http://culinariaungaria.blogspot.de/2012/09/rote-beete-tarte-mit-ziegenfrischkase.html;culinariaungaria.blogspot.de;December 02, 2012;['Tarte', 'Rote Beete', 'Hauptgerichte', 'Rezepte']
Zucchini Nudeln mit Tomatensoße;http://www.reinetopfsache.de/?p=3004#more-3004;www.reinetopfsache.de;December 02, 2012;['Zucchini', 'Hauptgerichte', 'Rezepte']
Buffalo Chicken Salad;http://thepioneerwoman.com/cooking/2012/11/buffalo-chicken-salad/?utm_source=feedburner&utm_medium=feed&utm_campaign=Feed%3A+pwcooks+%28The+Pioneer+Woman+Cooks%21%29;thepioneerwoman.com;December 02, 2012;['Huhn', 'Hauptgerichte', 'Salat', 'Rezepte']
Rote Linsensuppe;http://www.reinetopfsache.de/?p=2894#more-2894;www.reinetopfsache.de;December 02, 2012;['Linsen', 'Suppe', 'Hauptgerichte', 'Rezepte']
Pumpkin Roll Recipe;http://www.mybakingaddiction.com/pumpkin-roll-recipe/;www.mybakingaddiction.com;December 02, 2012;['Wertung: 3.5', 'Füllung', 'Kürbis', 'Biskuitrolle', 'Gebäck', 'Rezepte']
The Ultimate Brownie Recipe;http://baking.about.com/od/brownies/r/ultimate.htm;baking.about.com;December 02, 2012;['Wertung: 5', 'Schokolade', 'Brownies', 'Gebäck', 'Rezepte']
spinach salad with warm bacon vinaigrette;http://smittenkitchen.com/blog/2012/11/spinach-salad-with-warm-bacon-vinaigrette/?utm_source=feedburner&utm_medium=feed&utm_campaign=Feed%3A+smittenkitchen+%28smitten+kitchen%29;smittenkitchen.com;December 02, 2012;['Blattpinat', 'Ei', 'Smitten Kittchen', 'Schinken', 'Salat', 'Rezepte']
Pasta mit Ricotta/Ziegenfrischkäsefüllung;http://meetme-inthekitchen.blogspot.de/2012/10/pasta-mit-ricottaziegenfrischkasefullun.html?utm_source=feedburner&utm_medium=feed&utm_campaign=Feed:+MeetMeInTheKitchen+(meet+Me+in+the+Kitchen);meetme-inthekitchen.blogspot.de;December 02, 2012;['Ravioli', 'Pasta', 'Hauptgerichte', 'Rezepte']
Zitronen-Baiser-Torte - Key Lime Pie;http://food2droolover.blog.de/2012/05/30/zitronen-baiser-torte-13778411/;food2droolover.blog.de;December 02, 2012;['Zitrone', 'Torte', 'Gebäck', 'Rezepte']
Haferkekse wie bei Ikea;http://bakingcookingfun.blogspot.de/2012/09/haferkekse-wie-bei-ikea.html;bakingcookingfun.blogspot.de;December 02, 2012;['Kekse', 'Gebäck', 'Haferflocken', 'Rezepte', 'Wertung: 3']
Kleiner Kuriositätenladen: Friesenkekse;http://www.kuriositaetenladen.com/2009/06/friesenkekse.html;www.kuriositaetenladen.com;December 02, 2012;['Rezepte', 'Kleiner Kuriositätenladen', 'Kekse', 'Gebäck']